year,original_detections,assigned_detections,assignment_pct,areas_represented,admin2_day_records,first_detection_date,last_detection_date
2003,1056381,320552,30.344354924974986,76,5868,2003-01-01,2003-12-31
2004,956384,178611,18.6756574764948,76,5095,2004-01-01,2004-12-30
2005,1225663,360144,29.38360707633338,76,5537,2005-01-01,2005-12-31
2006,1331259,691038,51.908606815052515,77,5147,2006-01-01,2006-12-31
2007,2192445,1176175,53.64672774003453,77,6562,2007-01-01,2007-12-31
2008,2026668,1276495,62.98490922045446,77,6644,2008-01-01,2008-12-31
2009,1592042,926037,58.166618719857894,76,5587,2009-01-01,2009-12-31
2010,1397661,499767,35.75738322812184,76,5358,2010-01-01,2010-12-31
2011,1164906,321723,27.617936554537447,76,4992,2011-01-01,2011-12-31
2012,1620212,536219,33.09560724152148,76,4662,2012-01-01,2012-12-31
2013,2014489,903074,44.828936767587216,75,5246,2013-01-01,2013-12-31
2014,2635791,1348719,51.169421247739294,76,6735,2014-01-01,2014-12-31
2015,2749814,1422556,51.732808109930346,74,5901,2015-01-01,2015-12-31
2016,1801808,608302,33.76064486338167,76,6355,2016-01-01,2016-12-31
2017,1525601,472857,30.994801393024783,77,5199,2017-01-01,2017-12-31
2018,1782064,472988,26.541583242801604,76,5839,2018-01-01,2018-12-31
2019,1477323,472517,31.984677690660742,76,4800,2019-01-01,2019-12-31
2020,4765044,2486195,52.17569869239403,77,7231,2020-01-01,2020-12-31
2021,7265135,3598443,49.53029778524418,76,7970,2021-01-02,2021-12-31
2022,12110357,8362863,69.05546219653145,77,7730,2022-01-02,2022-12-31
2023,15647014,12303113,78.62914291506354,76,8801,2023-01-02,2023-12-31
2024,13759429,10017780,72.80665498546487,77,9223,2024-01-01,2024-12-31
2025,12607415,9146580,72.54921012753209,77,8456,2025-01-01,2025-12-31
