adm2_name,adm2_name1,adm2_name2,adm2_name3,adm2_pcode,adm1_name,adm1_name1,adm1_name2,adm1_name3,adm1_pcode,adm0_name,adm0_name1,adm0_name2,adm0_name3,adm0_pcode,valid_on,valid_to,area_sqkm,version,lang,lang1,lang2,lang3,adm2_ref_name,center_lat,center_lon,flood_frequency_years,flood_pixel_days,crop_pct,rangeland_pct,cattle_sum,pop_sum
Juba,,,,SS0101,Central Equatoria,,,,SS01,South Sudan,,,,SS,2022-12-19,,18366.51488079,v03,en,,,,Juba,4.71332287,31.33098496,0.0,0.0,0.0669822691661116,44.409093792622194,360601.76558356546,528189.5488420995
Kajo-keji,,,,SS0102,Central Equatoria,,,,SS01,South Sudan,,,,SS,2022-12-19,,2516.10454603,v03,en,,,,Kajo-keji,3.90980178,31.43848064,0.0,0.0,0.16544846733525978,30.909229984701682,91808.31860554422,226798.57416689396
Lainya,,,,SS0103,Central Equatoria,,,,SS01,South Sudan,,,,SS,2022-12-19,,3498.91614625,v03,en,,,,Lainya,4.20628854,30.80982869,0.0,0.0,0.17137328584649036,16.537760453181527,63668.74522324931,113726.79464289546
Morobo,,,,SS0104,Central Equatoria,,,,SS01,South Sudan,,,,SS,2022-12-19,,1308.94190912,v03,en,,,,Morobo,3.71807583,30.81784689,0.0,0.0,0.7973675914249685,16.103483606557376,69227.84161689546,110556.66579349339
Terekeka,,,,SS0105,Central Equatoria,,,,SS01,South Sudan,,,,SS,2022-12-19,,10672.12996617,v03,en,,,,Terekeka,5.70081712,31.42853231,0.0,0.0,0.021411116713859042,31.230169504673984,237603.71073512879,256708.672897771
Yei,,,,SS0106,Central Equatoria,,,,SS01,South Sudan,,,,SS,2022-12-19,,6720.54802292,v03,en,,,,Yei,4.24372282,30.29034123,0.0,0.0,0.23020921287175158,17.40611689651937,116147.54366691533,285331.314432323
Budi,,,,SS0201,Eastern Equatoria,,,,SS02,South Sudan,,,,SS,2022-12-19,,5733.33260999,v03,en,,,,Budi,4.38233469,33.40334234,0.0,0.0,1.6745133367278995,28.236359719556617,128606.94631944394,102088.27192730084
Ikotos,,,,SS0202,Eastern Equatoria,,,,SS02,South Sudan,,,,SS,2022-12-19,,3511.09691111,v03,en,,,,Ikotos,4.08090057,33.04183063,0.0,0.0,2.2972972972972974,29.237730445677464,70411.28570542825,102388.96201127768
Kapoeta East,,,,SS0203,Eastern Equatoria,,,,SS02,South Sudan,,,,SS,2022-12-19,,29562.91101223,v03,en,,,,Kapoeta East,5.09454429,34.77482485,0.0,0.0,0.9057751611998879,35.739622465190166,470100.2677425908,165894.3729275912
Kapoeta North,,,,SS0204,Eastern Equatoria,,,,SS02,South Sudan,,,,SS,2022-12-19,,5733.14132018,v03,en,,,,Kapoeta North,5.33482283,33.4441215,0.0,0.0,0.9464569160997732,48.43914399092971,82947.96079880717,149557.7104388103
Kapoeta South,,,,SS0205,Eastern Equatoria,,,,SS02,South Sudan,,,,SS,2022-12-19,,1200.20656921,v03,en,,,,Kapoeta South,4.54168832,33.72314353,0.0,0.0,1.5807021975246274,16.32994443041172,35373.24029103451,102282.24701835215
Lafon,,,,SS0206,Eastern Equatoria,,,,SS02,South Sudan,,,,SS,2022-12-19,,16242.17197208,v03,en,,,,Lafon,5.15065504,32.64165193,0.0,0.0,0.16040959653092007,71.1862391591252,96294.67955112657,151927.8682963252
Magwi,,,,SS0207,Eastern Equatoria,,,,SS02,South Sudan,,,,SS,2022-12-19,,5200.66261461,v03,en,,,,Magwi,3.92715722,32.18646623,0.0,0.0,0.648974358974359,28.48597633136095,63785.93063343341,252629.12880582362
Torit,,,,SS0208,Eastern Equatoria,,,,SS02,South Sudan,,,,SS,2022-12-19,,5838.57043383,v03,en,,,,Torit,4.38252588,32.51751172,0.0,0.0,0.324096588990206,22.24530563998649,72462.91405590944,61817.98176787794
Akobo,,,,SS0301,Jonglei,,,,SS03,South Sudan,,,,SS,2022-12-19,,9024.06750885,v03,en,,,,Akobo,7.81642318,32.82509281,0.0,0.0,0.0004290352504638219,31.025371057513915,175699.1807199529,216930.52849946916
Ayod,,,,SS0302,Jonglei,,,,SS03,South Sudan,,,,SS,2022-12-19,,13449.1465305,v03,en,,,,Ayod,8.27044678,31.00453292,0.0,0.0,0.0009682393583322376,24.891879938319565,201782.46042055043,189149.53035914153
Bor South,,,,SS0303,Jonglei,,,,SS03,South Sudan,,,,SS,2022-12-19,,13962.83562176,v03,en,,,,Bor South,6.48862959,31.91848811,0.0,0.0,0.00896476833976834,58.0008445945946,243308.0397220071,327258.327388905
Canal/Pigi,,,,SS0304,Jonglei,,,,SS03,South Sudan,,,,SS,2022-12-19,,4438.72162496,v03,en,,,,Canal/Pigi,9.10356219,31.45677233,0.0,0.0,0.0001192368839427663,32.350675675675674,87516.07117804424,104348.73085224628
Duk,,,,SS0305,Jonglei,,,,SS03,South Sudan,,,,SS,2022-12-19,,6885.07690706,v03,en,,,,Duk,7.65947914,31.11138153,0.0,0.0,0.00033140016570008286,14.467129246064623,99618.34379265051,193513.50234861672
Fangak,,,,SS0306,Jonglei,,,,SS03,South Sudan,,,,SS,2022-12-19,,7655.4865069,v03,en,,,,Fangak,9.04479218,30.70240206,0.0,0.0,0.004436022223179293,17.655562255049745,117493.90543608212,186968.02305142581
Nyirol,,,,SS0307,Jonglei,,,,SS03,South Sudan,,,,SS,2022-12-19,,7076.55508743,v03,en,,,,Nyirol,8.56621886,32.05132715,0.0,0.0,0.0024334057947503324,24.703643619610006,140483.80953124608,138175.88315737247
Pibor,,,,SS0308,Jonglei,,,,SS03,South Sudan,,,,SS,2022-12-19,,33049.90811531,v03,en,,,,Pibor,6.55998921,33.70444855,0.0,0.0,0.0005709661466528795,49.65739333722969,193875.53854897857,213105.50040332973
Pochalla,,,,SS0309,Jonglei,,,,SS03,South Sudan,,,,SS,2022-12-19,,8261.13304575,v03,en,,,,Pochalla,7.20510793,33.67489477,0.0,0.0,0.0,33.62897091722595,80363.33327277239,72752.62189117074
Twic East,,,,SS0310,Jonglei,,,,SS03,South Sudan,,,,SS,2022-12-19,,5943.90021407,v03,en,,,,Twic East,7.04921108,31.34086564,0.0,0.0,0.0,15.771032166843408,88299.61811081131,122406.90642085671
Uror,,,,SS0311,Jonglei,,,,SS03,South Sudan,,,,SS,2022-12-19,,12170.86761123,v03,en,,,,Uror,7.68454893,32.18108566,0.0,0.0,0.0032885431400282886,56.610761433286186,217525.10347832224,188566.23633888736
Awerial,,,,SS0401,Lakes,,,,SS04,South Sudan,,,,SS,2022-12-19,,4528.66080968,v03,en,,,,Awerial,6.18804336,31.11766628,0.0,0.0,0.018962133456476564,29.505599168783192,176328.24155778292,141373.64259609208
Cueibet,,,,SS0402,Lakes,,,,SS04,South Sudan,,,,SS,2022-12-19,,4862.31761715,v03,en,,,,Cueibet,7.10207839,29.21175972,0.0,0.0,0.04974882514989467,46.198411926754176,219504.52589374283,178423.22148667276
Rumbek Centre,,,,SS0403,Lakes,,,,SS04,South Sudan,,,,SS,2022-12-19,,3853.36434379,v03,en,,,,Rumbek Centre,7.00089312,29.79227719,0.0,0.0,0.4256108202443281,46.70706079115765,192536.15799166597,219529.4533218816
Rumbek East,,,,SS0404,Lakes,,,,SS04,South Sudan,,,,SS,2022-12-19,,3566.75210694,v03,en,,,,Rumbek East,6.74125391,30.03102583,0.0,0.0,0.06553284963056646,35.62317779404913,166305.2755131909,173925.18421874568
Rumbek North,,,,SS0405,Lakes,,,,SS04,South Sudan,,,,SS,2022-12-19,,4103.89211232,v03,en,,,,Rumbek North,7.54530131,29.62039003,0.0,0.0,0.010896637608966376,48.08810709838107,194708.27402497115,69883.33986340463
Wulu,,,,SS0406,Lakes,,,,SS04,South Sudan,,,,SS,2022-12-19,,11843.53283579,v03,en,,,,Wulu,6.22315345,29.16159452,0.0,0.0,0.00047010607521697206,32.469467213114754,166683.00024819633,88397.163600903
Yirol East,,,,SS0407,Lakes,,,,SS04,South Sudan,,,,SS,2022-12-19,,5568.58283738,v03,en,,,,Yirol East,6.77382755,30.76702054,0.0,0.0,0.005574088932055234,18.33566994637051,142276.7636807661,155576.56948389858
Yirol West,,,,SS0408,Lakes,,,,SS04,South Sudan,,,,SS,2022-12-19,,4858.70414626,v03,en,,,,Yirol West,6.384581,30.45282119,0.0,0.0,0.1380114089431393,45.651168496595716,204961.6287366536,169955.78132718243
Aweil Centre,,,,SS0501,Northern Bahr el Ghazal,,,,SS05,South Sudan,,,,SS,2022-12-19,,11156.74765446,v03,en,,,,Aweil Centre,8.42299773,26.89951962,0.0,0.0,0.0186837896103294,30.318598020352812,364961.8333817694,68425.5219984334
Aweil East,,,,SS0502,Northern Bahr el Ghazal,,,,SS05,South Sudan,,,,SS,2022-12-19,,6367.53388429,v03,en,,,,Aweil East,9.17410199,27.6450677,0.0,0.0,2.0232258397133505,46.10262160699095,505027.780256183,333278.67187607987
Aweil North,,,,SS0503,Northern Bahr el Ghazal,,,,SS05,South Sudan,,,,SS,2022-12-19,,6342.81456166,v03,en,,,,Aweil North,9.373273,26.69348149,0.0,0.0,0.285822120118149,30.059222185756482,463800.50388617243,164971.0505518373
Aweil South,,,,SS0504,Northern Bahr el Ghazal,,,,SS05,South Sudan,,,,SS,2022-12-19,,1976.88285788,v03,en,,,,Aweil South,8.67119857,27.68293112,0.0,0.0,0.9323500491642085,40.05847263192396,141256.80069109378,141464.8981030304
Aweil West,,,,SS0505,Northern Bahr el Ghazal,,,,SS05,South Sudan,,,,SS,2022-12-19,,5007.85168383,v03,en,,,,Aweil West,8.90571524,26.50506551,0.0,0.0,0.26354356175459875,37.44031736405903,318964.9515941322,197692.7934136698
Abiemnhom,,,,SS0601,Unity,,,,SS06,South Sudan,,,,SS,2022-12-19,,2407.82705569,v03,en,,,,Abiemnhom,9.52879908,29.12444015,0.0,0.0,0.0002289246265667029,27.42923367481257,73586.64128463752,56952.36153034866
Guit,,,,SS0602,Unity,,,,SS06,South Sudan,,,,SS,2022-12-19,,3454.18127002,v03,en,,,,Guit,9.19873034,30.11256521,0.0,0.0,0.016477272727272726,23.66401515151515,91577.56427380373,64840.43440998718
Koch,,,,SS0603,Unity,,,,SS06,South Sudan,,,,SS,2022-12-19,,4396.58759553,v03,en,,,,Koch,8.60318327,29.85366483,0.0,0.0,0.008385056099307711,21.425519216996896,176766.99406936386,93687.72390024364
Leer,,,,SS0604,Unity,,,,SS06,South Sudan,,,,SS,2022-12-19,,1610.94149249,v03,en,,,,Leer,8.18818124,30.22247541,0.0,0.0,0.010047846889952153,25.427272727272726,50149.18049926602,77331.85570006073
Mayendit,,,,SS0605,Unity,,,,SS06,South Sudan,,,,SS,2022-12-19,,3061.32097606,v03,en,,,,Mayendit,8.12549382,29.8976997,0.0,0.0,0.002911497105045492,19.685988420181967,120203.27907225511,68059.28141923202
Mayom,,,,SS0606,Unity,,,,SS06,South Sudan,,,,SS,2022-12-19,,4260.41752675,v03,en,,,,Mayom,9.06184557,29.11281729,0.0,0.0,0.08712023962344886,18.747910426472686,205288.5547938286,140504.86140164547
Panyijiar,,,,SS0607,Unity,,,,SS06,South Sudan,,,,SS,2022-12-19,,5324.97317487,v03,en,,,,Panyijiar,7.52887511,30.31268294,0.0,0.0,0.006074806907923284,21.240764847117358,186234.8493459022,119071.56335116923
Pariang,,,,SS0608,Unity,,,,SS06,South Sudan,,,,SS,2022-12-19,,8978.79429891,v03,en,,,,Pariang,9.83945448,30.10795578,0.0,0.0,0.42743205656646893,46.16772226131832,292350.7314447587,125004.66156925075
Rubkona,,,,SS0609,Unity,,,,SS06,South Sudan,,,,SS,2022-12-19,,3563.89150309,v03,en,,,,Rubkona,9.30837778,29.62247281,0.0,0.0,0.03505549177190968,20.367317259854573,145667.0602921001,325508.5377927944
Baliet,,,,SS0701,Upper Nile,,,,SS07,South Sudan,,,,SS,2022-12-19,,11675.847179,v03,en,,,,Baliet,9.39752123,32.39742115,0.0,0.0,0.0009802625782007225,41.777260111023,136001.39521011096,55575.54096519947
Fashoda,,,,SS0702,Upper Nile,,,,SS07,South Sudan,,,,SS,2022-12-19,,3594.95337516,v03,en,,,,Fashoda,9.98586587,31.84906791,0.0,0.0,0.0317208564631245,40.55662893807224,45411.77592035471,70039.85592010245
Longochuk,,,,SS0703,Upper Nile,,,,SS07,South Sudan,,,,SS,2022-12-19,,6928.06607159,v03,en,,,,Longochuk,9.30729214,33.59390884,0.0,0.0,0.00012121212121212121,29.007757575757577,104215.82975774755,72490.71865604073
Luakpiny/Nasir,,,,SS0704,Upper Nile,,,,SS07,South Sudan,,,,SS,2022-12-19,,5185.7655789,v03,en,,,,Luakpiny/Nasir,8.89905827,33.12618359,0.0,0.0,0.0,24.60035945363048,91833.42188563573,278842.0548799038
Maban,,,,SS0705,Upper Nile,,,,SS07,South Sudan,,,,SS,2022-12-19,,11821.21934792,v03,en,,,,Maban,10.01734125,33.47959263,0.0,0.0,0.04172289698605488,56.348599865047234,112624.6569939516,80023.43473395891
Maiwut,,,,SS0706,Upper Nile,,,,SS07,South Sudan,,,,SS,2022-12-19,,3686.23086924,v03,en,,,,Maiwut,8.78010538,33.82713258,0.0,0.0,6.863417982155113e-05,30.2238846945779,57170.19636334422,124668.7214750275
Malakal,,,,SS0707,Upper Nile,,,,SS07,South Sudan,,,,SS,2022-12-19,,754.68040964,v03,en,,,,Malakal,9.66642037,31.72967506,0.0,0.0,0.0005961505706012604,20.56608754896951,14137.500063310226,186383.65991621464
Manyo,,,,SS0708,Upper Nile,,,,SS07,South Sudan,,,,SS,2022-12-19,,6679.0313175,v03,en,,,,Manyo,11.03559195,32.56093493,0.0,0.0,1.3705365853658538,20.993539295392953,80502.18835623917,60718.18457301706
Melut,,,,SS0709,Upper Nile,,,,SS07,South Sudan,,,,SS,2022-12-19,,6941.44972601,v03,en,,,,Melut,10.36299024,32.59763162,0.0,0.0,0.019189814814814816,47.56451388888889,92664.4749313025,126705.71150086261
Panyikang,,,,SS0710,Upper Nile,,,,SS07,South Sudan,,,,SS,2022-12-19,,5110.31311683,v03,en,,,,Panyikang,9.34710591,31.72193592,0.0,0.0,0.0003477656059815684,25.255228339735382,50994.37039438587,61719.230794258416
Renk,,,,SS0711,Upper Nile,,,,SS07,South Sudan,,,,SS,2022-12-19,,10024.09808705,v03,en,,,,Renk,11.2888182,32.918168,0.0,0.0,7.286621139585093,30.78326527738665,211570.49680005212,186869.48432470672
Ulang,,,,SS0712,Upper Nile,,,,SS07,South Sudan,,,,SS,2022-12-19,,4833.58875601,v03,en,,,,Ulang,8.55430101,32.81267081,0.0,0.0,0.0,8.186440311885786,73554.9923773073,138830.6403196603
Gogrial East,,,,SS0801,Warrap,,,,SS08,South Sudan,,,,SS,2022-12-19,,4424.80190854,v03,en,,,,Gogrial East,8.51652789,28.46080174,0.0,0.0,0.3011198208286674,15.32913400522583,206271.32815608417,126070.37499597296
Gogrial West,,,,SS0802,Warrap,,,,SS08,South Sudan,,,,SS,2022-12-19,,4401.06259255,v03,en,,,,Gogrial West,8.57182872,28.14722356,0.0,0.0,2.281783851825211,33.15323982497153,244418.04604152864,322563.06903560925
Tonj East,,,,SS0803,Warrap,,,,SS08,South Sudan,,,,SS,2022-12-19,,4421.41074589,v03,en,,,,Tonj East,7.8397522,29.31623298,0.0,0.0,0.0871770181351308,41.359460760712565,222152.49576464482,180278.85104725696
Tonj North,,,,SS0804,Warrap,,,,SS08,South Sudan,,,,SS,2022-12-19,,11227.83028852,v03,en,,,,Tonj North,8.26412941,29.15583865,0.0,0.0,0.1819526627218935,24.71450703662242,512008.55974653736,250906.76022671163
Tonj South,,,,SS0805,Warrap,,,,SS08,South Sudan,,,,SS,2022-12-19,,7423.30593617,v03,en,,,,Tonj South,7.1166441,28.69592125,0.0,0.0,0.14386724386724387,34.42620851370852,193556.79397429895,117547.0531157367
Twic,,,,SS0806,Warrap,,,,SS08,South Sudan,,,,SS,2022-12-19,,3957.0644583,v03,en,,,,Twic,9.06387491,28.40049109,0.0,0.0,0.6346745562130177,22.56161735700197,243078.4653210141,266520.5515493881
Abyei Region,,,,SS0001,Abyei Region,,,,SS00,South Sudan,,,,SS,2022-12-19,,10495.85057918,v03,en,,,,Abyei Region,9.71681288,28.42794173,0.0,0.0,0.1610523070599116,61.471359572500255,132982.4955689105,30.949485689401627
Jur River,,,,SS0901,Western Bahr el Ghazal,,,,SS09,South Sudan,,,,SS,2022-12-19,,10048.22708798,v03,en,,,,Jur River,7.61591508,28.18402919,0.0,0.0,0.06740081224617307,22.857214759276616,283219.50814170705,277365.47283730283
Raja,,,,SS0902,Western Bahr el Ghazal,,,,SS09,South Sudan,,,,SS,2022-12-19,,62010.56872549,v03,en,,,,Raja,8.54306119,25.21988189,0.0,0.0,0.03876768867924528,22.222280176584423,737917.1796449479,58591.47357140109
Wau,,,,SS0903,Western Bahr el Ghazal,,,,SS09,South Sudan,,,,SS,2022-12-19,,19212.82754001,v03,en,,,,Wau,7.39352025,27.37272145,0.0,0.0,0.009726492960025894,30.212469655284025,429582.21035622864,313683.5374870077
Ezo,,,,SS1001,Western Equatoria,,,,SS10,South Sudan,,,,SS,2022-12-19,,8072.41079102,v03,en,,,,Ezo,5.61822859,27.99451623,0.0,0.0,0.0,9.132590388697498,58471.990961458534,128061.51104068756
Ibba,,,,SS1002,Western Equatoria,,,,SS10,South Sudan,,,,SS,2022-12-19,,9608.02698522,v03,en,,,,Ibba,5.04440604,29.02969946,0.0,0.0,0.0631940523244871,18.64450404667796,79247.36853544826,67131.35945025086
Maridi,,,,SS1003,Western Equatoria,,,,SS10,South Sudan,,,,SS,2022-12-19,,7681.28357678,v03,en,,,,Maridi,5.14432244,29.68883208,0.0,0.0,1.2632818532818533,13.964671814671815,76710.01029215821,108892.55201925337
Mundri East,,,,SS1004,Western Equatoria,,,,SS10,South Sudan,,,,SS,2022-12-19,,5079.77166814,v03,en,,,,Mundri East,5.29757594,30.67018903,0.0,0.0,0.009179375453885258,38.26716049382716,98504.72448391438,98939.93085137755
Mundri West,,,,SS1005,Western Equatoria,,,,SS10,South Sudan,,,,SS,2022-12-19,,5872.93730261,v03,en,,,,Mundri West,5.15744171,30.20853059,0.0,0.0,0.013803819131687984,27.11946045757521,64017.39372326592,49436.22373242676
Mvolo,,,,SS1006,Western Equatoria,,,,SS10,South Sudan,,,,SS,2022-12-19,,5710.89089726,v03,en,,,,Mvolo,5.95485612,30.0309826,0.0,0.0,0.003920740010330093,37.878950086866695,110548.48784770166,72970.58669256419
Nagero,,,,SS1007,Western Equatoria,,,,SS10,South Sudan,,,,SS,2022-12-19,,9196.81649168,v03,en,,,,Nagero,6.41688222,27.73919778,0.0,0.0,0.00012390257717360522,36.92836661002549,50166.474032980885,4836.384044788778
Nzara,,,,SS1008,Western Equatoria,,,,SS10,South Sudan,,,,SS,2022-12-19,,6444.07109043,v03,en,,,,Nzara,5.30645623,28.18177274,0.0,0.0,0.0,11.409338551258442,57081.956465854135,81159.7933964841
Tambura,,,,SS1009,Western Equatoria,,,,SS10,South Sudan,,,,SS,2022-12-19,,12454.91150371,v03,en,,,,Tambura,6.030796,27.20561168,0.0,0.0,0.0,16.640376864514796,90981.03850918307,152280.25559354573
Yambio,,,,SS1010,Western Equatoria,,,,SS10,South Sudan,,,,SS,2022-12-19,,8792.0877119,v03,en,,,,Yambio,5.1755589,28.4506895,0.0,0.0,5.770673437590167e-05,16.75272664319926,84882.59124263172,168343.59877779894
