month,rainfall_mm,runoff_mm,mean_daily_rainfall_mm,mean_daily_runoff_mm,unusual_detections,days_with_detections,year
1,0.008501062594193877,0.004459160456930774,0.0002742278256191573,0.00014384388570744432,5339,31,2003
2,0.8398090676378206,0.007010637628001197,0.02999318098706502,0.000250379915285757,2406,22,2003
3,0.5823963798101113,0.003899067400080733,0.018786979993874558,0.00012577636774453976,822,15,2003
4,60.791929516502485,0.6458671907117257,2.026397650550083,0.021528906357057523,349,21,2003
5,86.14202721344986,0.8758150679583214,2.7787750714016086,0.028252098966397465,839,20,2003
6,162.02890290226944,5.678526747879739,5.400963430075648,0.18928422492932465,67,16,2003
7,226.94431666231634,16.113930773210257,7.320784408461817,0.5198042184906534,125,10,2003
8,250.4660684945095,29.274804560166498,8.07955059659708,0.9443485341989193,916,12,2003
9,170.45786445816617,16.737647701672405,5.681928815272205,0.5579215900557468,668,20,2003
10,110.1701039535113,5.287392978881943,3.5538743210810098,0.17056106383490138,224,20,2003
11,39.854864613641986,1.1695214927227684,1.3284954871213996,0.038984049757425615,406,24,2003
12,0.25837235596833835,0.08782483284071207,0.008334592128010914,0.002833059123893938,1197,24,2003
1,0.06875670522886823,0.0005308303725593381,0.0022179582331892976,1.712356040513994e-05,4169,29,2010
2,10.697400364212244,0.0585412611567467,0.3820500130075802,0.002090759327026668,395,19,2010
3,51.19636403535883,2.1445406318526086,1.6514956140438333,0.06917873005976156,1384,16,2010
4,21.460919569866267,0.11506834741483851,0.7153639856622089,0.0038356115804946173,270,20,2010
5,104.14436314143494,1.2301404357066479,3.3594955852075787,0.03968194953892413,89,10,2010
6,76.94159437708946,0.6011680021330674,2.5647198125696486,0.02003893340443558,140,9,2010
7,197.39312235052654,9.37673515611966,6.367520075823437,0.3024753276167632,572,12,2010
8,195.32871592453608,14.912901684629412,6.300926320146325,0.4810613446654649,1063,19,2010
9,133.45975256724648,8.260675829234833,4.448658418908216,0.27535586097449444,499,13,2010
10,92.01493404019384,2.2546889397600895,2.96822367871593,0.07273190128258353,687,24,2010
11,42.936237175780285,0.4522018292900439,1.4312079058593428,0.01507339430966813,681,20,2010
12,1.8100250800080335,0.009834288125423885,0.05838790580671076,0.00031723510082012533,510,27,2010
1,6.0890809968293304e-05,0.012120926406102697,1.9642196763965584e-06,0.0003909976260033128,6332,31,2015
2,0.6417391482190791,0.008147667901319298,0.022919255293538537,0.00029098813933283206,4181,24,2015
3,11.679252119752226,0.06559514393124119,0.3767500683791041,0.002115972384878748,1771,20,2015
4,20.55839290154812,0.10968244112361485,0.6852797633849373,0.0036560813707871617,908,16,2015
5,113.28831906480522,1.3889594845559659,3.6544619053162974,0.044805144663095674,712,17,2015
6,98.98826090344143,1.212658888091698,3.299608696781381,0.04042196293638993,605,10,2015
7,125.24766612084677,3.1837904230960756,4.040247294220864,0.10270291687406695,525,18,2015
8,122.47515126753837,3.954593376449811,3.950811331210915,0.12756752827257453,998,21,2015
9,70.91610499901851,0.61871056098546,2.3638701666339506,0.020623685366181997,559,22,2015
10,107.36916531964441,1.5181860641863645,3.4635214619240133,0.04897374400601176,292,19,2015
11,17.77386879640987,0.12408469975573483,0.5924622932136624,0.004136156658524495,1272,25,2015
12,4.364624589023674,0.023342223048363957,0.14079434158140886,0.0007529749370439986,5071,31,2015
1,0.0064236761270999075,1.3500577204988395e-05,0.0002072153589387067,4.355024904834966e-07,1008,29,2019
2,2.5145672433142376,0.011983689428658793,0.08980597297550849,0.0004279889081663855,2047,11,2019
3,5.727037175483245,0.03025874535860825,0.1847431346930079,0.0009760885599551049,764,15,2019
4,26.837739938220324,0.152975929525359,0.8945913312740108,0.005099197650845299,157,11,2019
5,85.58112387413672,0.9294433676314658,2.7606814152947328,0.02998204411714406,276,14,2019
6,186.65602860871854,6.605667041264273,6.2218676202906185,0.22018890137547578,725,14,2019
7,146.7162605154185,8.52344201396916,4.732782597271564,0.2749497423861019,76,9,2019
8,209.44960398727014,16.5559762998383,6.756438838299037,0.534063751607687,0,0,2019
9,138.9076633787763,6.254097434699929,4.63025544595921,0.20846991448999763,0,0,2019
10,130.6353411753855,9.421405069922946,4.214043263722113,0.30391629257815955,0,0,2019
11,30.146210996716455,0.9578744287750909,1.0048736998905485,0.03192914762583636,0,0,2019
12,1.0375191531558952,0.006150290383847846,0.033468359779222426,0.0001983964639950918,0,0,2019
1,0.0,0.0,0.0,0.0,3209,29,2020
2,0.04368066918206865,3.4058954704547815e-06,0.0015062299717954707,1.1744467139499247e-07,3498,26,2020
3,4.011512295851466,0.021956325173570844,0.12940362244682146,0.0007082685539861563,10221,24,2020
4,5.263696942784442,0.024506704164767794,0.1754565647594814,0.0008168901388255931,998,21,2020
5,69.91981115251643,0.9424221267661742,2.2554777791134333,0.03040071376665078,605,21,2020
6,95.0973896240424,2.73647640950998,3.1699129874680803,0.09121588031699933,296,12,2020
7,203.30728281144567,9.623128766652242,6.558299445530506,0.3104235086016852,242,4,2020
8,197.06236800007835,16.823639752239234,6.356850580647689,0.5426980565238463,660,5,2020
9,147.1043237604013,8.18251634047132,4.903477458680043,0.27275054468237736,1701,19,2020
10,92.62511564204074,3.9366364318681923,2.9879069561948626,0.12698827199574814,2733,28,2020
11,4.7634196531638855,0.049430907352932436,0.15878065510546285,0.0016476969117644145,5773,28,2020
12,0.06063868713599933,0.00010793707790514111,0.00195608668180643,3.4818412227464877e-06,17867,31,2020
1,0.006781392485945212,0.0,0.00021875459632081327,0.0,140806,29,2023
2,0.0002670166586832504,0.0,9.536309238687513e-06,0.0,130027,27,2023
3,1.2993067649976993,0.00565685841067823,0.041913121451538686,0.00018247930357026548,69354,30,2023
4,22.844658523714116,0.13190220433729122,0.7614886174571373,0.004396740144576374,27737,26,2023
5,14.029389268080715,0.07504930566517318,0.45256094413163594,0.0024209453440378445,14439,30,2023
6,113.61119577134389,1.0731874207332588,3.7870398590447962,0.03577291402444196,8695,26,2023
7,92.08341274553709,0.9859680140000454,2.970432669210874,0.03180541980645308,5272,19,2023
8,83.43512689832997,0.90188026910939,2.691455706397741,0.029092911906754518,24937,26,2023
9,64.33691384378396,0.427820004878479,2.144563794792799,0.014260666829282632,9749,27,2023
10,43.74751835231539,0.2352381479713456,1.4112102694295288,0.007588327353914374,10772,28,2023
11,47.598514467928524,0.3013727312540075,1.5866171489309508,0.010045757708466916,15593,28,2023
12,0.009907432190073728,3.4058954704547815e-06,0.00031959458677657186,1.0986759582112199e-07,54732,31,2023
