month,recurring_detections,unusual_detections,year,total_detections,unusual_share
1,3739,5339,2003,9078,0.5881251376955277
2,1712,2406,2003,4118,0.5842642059252064
3,335,822,2003,1157,0.7104580812445981
4,512,349,2003,861,0.40534262485482
5,350,839,2003,1189,0.7056349873843566
6,98,67,2003,165,0.40606060606060607
7,80,125,2003,205,0.6097560975609756
8,123,916,2003,1039,0.8816169393647738
9,294,668,2003,962,0.6943866943866944
10,449,224,2003,673,0.3328380386329866
11,1267,406,2003,1673,0.24267782426778242
12,2762,1197,2003,3959,0.30234907805001265
1,3127,4169,2010,7296,0.5714089912280702
2,658,395,2010,1053,0.37511870845204176
3,671,1384,2010,2055,0.6734793187347932
4,268,270,2010,538,0.5018587360594795
5,117,89,2010,206,0.4320388349514563
6,119,140,2010,259,0.5405405405405406
7,151,572,2010,723,0.7911479944674965
8,144,1063,2010,1207,0.8806959403479702
9,184,499,2010,683,0.7306002928257687
10,415,687,2010,1102,0.6234119782214156
11,504,681,2010,1185,0.5746835443037974
12,1110,510,2010,1620,0.3148148148148148
1,7672,6332,2015,14004,0.45215652670665524
2,4244,4181,2015,8425,0.49626112759643914
3,958,1771,2015,2729,0.6489556614144375
4,638,908,2015,1546,0.5873221216041398
5,579,712,2015,1291,0.5515104570100697
6,588,605,2015,1193,0.5071248952221291
7,612,525,2015,1137,0.46174142480211083
8,1405,998,2015,2403,0.41531419059508945
9,1316,559,2015,1875,0.2981333333333333
10,842,292,2015,1134,0.25749559082892415
11,2383,1272,2015,3655,0.34801641586867305
12,5086,5071,2015,10157,0.4992615929900561
1,1693,1008,2019,2701,0.3731951129211403
2,557,2047,2019,2604,0.7860983102918587
3,376,764,2019,1140,0.6701754385964912
4,76,157,2019,233,0.6738197424892703
5,328,276,2019,604,0.45695364238410596
6,188,725,2019,913,0.7940854326396495
7,135,76,2019,211,0.36018957345971564
8,118,0,2019,118,0.0
9,391,0,2019,391,0.0
10,268,0,2019,268,0.0
11,2566,0,2019,2566,0.0
12,4211,0,2019,4211,0.0
1,4200,3209,2020,7409,0.43312187879605885
2,2452,3498,2020,5950,0.5878991596638655
3,921,10221,2020,11142,0.9173397953688746
4,601,998,2020,1599,0.6241400875547217
5,324,605,2020,929,0.6512378902045209
6,326,296,2020,622,0.4758842443729904
7,73,242,2020,315,0.7682539682539683
8,204,660,2020,864,0.7638888888888888
9,868,1701,2020,2569,0.662125340599455
10,1329,2733,2020,4062,0.672821270310192
11,4957,5773,2020,10730,0.5380242311276794
12,7262,17867,2020,25129,0.7110111822993355
1,9508,140806,2023,150314,0.9367457455726014
2,7044,130027,2023,137071,0.9486105740820451
3,2404,69354,2023,71758,0.966498508877059
4,1636,27737,2023,29373,0.9443025908146938
5,1989,14439,2023,16428,0.8789262235208181
6,1200,8695,2023,9895,0.8787266296109146
7,646,5272,2023,5918,0.890841500506928
8,2621,24937,2023,27558,0.9048915015603455
9,1565,9749,2023,11314,0.8616757998939367
10,1529,10772,2023,12301,0.8757011625071133
11,2599,15593,2023,18192,0.8571350043975374
12,8347,54732,2023,63079,0.8676738692750361
