date,precipitation_m,runoff_m,precipitation_mm,runoff_mm,precipitation_3d_mm,runoff_3d_mm,precipitation_7d_mm,runoff_7d_mm,precipitation_14d_mm,runoff_14d_mm,unusual_detections,log_unusual_detections
2020-01-01,0.0,0.0,0.0,0.0,,,,,,,85,4.454347296253507
2020-01-02,0.0,0.0,0.0,0.0,,,,,,,95,4.564348191467836
2020-01-03,0.0,0.0,0.0,0.0,0.0,0.0,,,,,67,4.219507705176107
2020-01-04,0.0,0.0,0.0,0.0,0.0,0.0,,,,,20,3.044522437723423
2020-01-05,0.0,0.0,0.0,0.0,0.0,0.0,,,,,21,3.091042453358316
2020-01-06,0.0,0.0,0.0,0.0,0.0,0.0,,,,,0,0.0
2020-01-07,0.0,0.0,0.0,0.0,0.0,0.0,0.0,0.0,,,110,4.709530201312334
2020-01-08,0.0,0.0,0.0,0.0,0.0,0.0,0.0,0.0,,,0,0.0
2020-01-09,0.0,0.0,0.0,0.0,0.0,0.0,0.0,0.0,,,79,4.382026634673881
2020-01-10,0.0,0.0,0.0,0.0,0.0,0.0,0.0,0.0,,,72,4.290459441148391
2020-01-11,0.0,0.0,0.0,0.0,0.0,0.0,0.0,0.0,,,106,4.672828834461906
2020-01-12,0.0,0.0,0.0,0.0,0.0,0.0,0.0,0.0,,,132,4.890349128221754
2020-01-13,0.0,0.0,0.0,0.0,0.0,0.0,0.0,0.0,,,99,4.605170185988092
2020-01-14,0.0,0.0,0.0,0.0,0.0,0.0,0.0,0.0,0.0,0.0,233,5.455321115357702
2020-01-15,0.0,0.0,0.0,0.0,0.0,0.0,0.0,0.0,0.0,0.0,78,4.3694478524670215
2020-01-16,0.0,0.0,0.0,0.0,0.0,0.0,0.0,0.0,0.0,0.0,244,5.501258210544727
2020-01-17,0.0,0.0,0.0,0.0,0.0,0.0,0.0,0.0,0.0,0.0,109,4.700480365792417
2020-01-18,0.0,0.0,0.0,0.0,0.0,0.0,0.0,0.0,0.0,0.0,120,4.795790545596741
2020-01-19,0.0,0.0,0.0,0.0,0.0,0.0,0.0,0.0,0.0,0.0,105,4.663439094112067
2020-01-20,0.0,0.0,0.0,0.0,0.0,0.0,0.0,0.0,0.0,0.0,95,4.564348191467836
2020-01-21,0.0,0.0,0.0,0.0,0.0,0.0,0.0,0.0,0.0,0.0,151,5.0238805208462765
2020-01-22,0.0,0.0,0.0,0.0,0.0,0.0,0.0,0.0,0.0,0.0,67,4.219507705176107
2020-01-23,0.0,0.0,0.0,0.0,0.0,0.0,0.0,0.0,0.0,0.0,205,5.327876168789581
2020-01-24,0.0,0.0,0.0,0.0,0.0,0.0,0.0,0.0,0.0,0.0,69,4.248495242049359
2020-01-25,0.0,0.0,0.0,0.0,0.0,0.0,0.0,0.0,0.0,0.0,111,4.718498871295094
2020-01-26,0.0,0.0,0.0,0.0,0.0,0.0,0.0,0.0,0.0,0.0,76,4.343805421853684
2020-01-27,0.0,0.0,0.0,0.0,0.0,0.0,0.0,0.0,0.0,0.0,90,4.51085950651685
2020-01-28,0.0,0.0,0.0,0.0,0.0,0.0,0.0,0.0,0.0,0.0,221,5.402677381872279
2020-01-29,0.0,0.0,0.0,0.0,0.0,0.0,0.0,0.0,0.0,0.0,129,4.867534450455582
2020-01-30,0.0,0.0,0.0,0.0,0.0,0.0,0.0,0.0,0.0,0.0,179,5.19295685089021
2020-01-31,0.0,0.0,0.0,0.0,0.0,0.0,0.0,0.0,0.0,0.0,41,3.7376696182833684
2020-02-01,0.0,0.0,0.0,0.0,0.0,0.0,0.0,0.0,0.0,0.0,92,4.532599493153256
2020-02-02,0.0,0.0,0.0,0.0,0.0,0.0,0.0,0.0,0.0,0.0,64,4.174387269895637
2020-02-03,0.0,0.0,0.0,0.0,0.0,0.0,0.0,0.0,0.0,0.0,139,4.941642422609304
2020-02-04,0.0,0.0,0.0,0.0,0.0,0.0,0.0,0.0,0.0,0.0,194,5.272999558563747
2020-02-05,0.0,0.0,0.0,0.0,0.0,0.0,0.0,0.0,0.0,0.0,85,4.454347296253507
2020-02-06,0.0,0.0,0.0,0.0,0.0,0.0,0.0,0.0,0.0,0.0,83,4.430816798843313
2020-02-07,0.0,0.0,0.0,0.0,0.0,0.0,0.0,0.0,0.0,0.0,0,0.0
2020-02-08,0.0,0.0,0.0,0.0,0.0,0.0,0.0,0.0,0.0,0.0,112,4.727387818712341
2020-02-09,0.0,0.0,0.0,0.0,0.0,0.0,0.0,0.0,0.0,0.0,13,2.6390573296152584
2020-02-10,0.0,0.0,0.0,0.0,0.0,0.0,0.0,0.0,0.0,0.0,99,4.605170185988092
2020-02-11,0.0,0.0,0.0,0.0,0.0,0.0,0.0,0.0,0.0,0.0,57,4.060443010546419
2020-02-12,0.0,0.0,0.0,0.0,0.0,0.0,0.0,0.0,0.0,0.0,116,4.762173934797756
2020-02-13,0.0,0.0,0.0,0.0,0.0,0.0,0.0,0.0,0.0,0.0,122,4.812184355372417
2020-02-14,0.0,0.0,0.0,0.0,0.0,0.0,0.0,0.0,0.0,0.0,75,4.330733340286331
2020-02-15,2.5868197477818547e-06,3.4058954704547813e-09,0.002586819747781855,3.4058954704547815e-06,0.002586819747781855,3.4058954704547815e-06,0.002586819747781855,3.4058954704547815e-06,0.002586819747781855,3.4058954704547815e-06,463,6.139884552226255
2020-02-16,4.109384943428679e-05,0.0,0.041093849434286796,0.0,0.04368066918206865,3.4058954704547815e-06,0.04368066918206865,3.4058954704547815e-06,0.04368066918206865,3.4058954704547815e-06,43,3.784189633918261
2020-02-17,0.0,0.0,0.0,0.0,0.04368066918206865,3.4058954704547815e-06,0.04368066918206865,3.4058954704547815e-06,0.04368066918206865,3.4058954704547815e-06,507,6.230481447578482
2020-02-18,0.0,0.0,0.0,0.0,0.041093849434286796,0.0,0.04368066918206865,3.4058954704547815e-06,0.04368066918206865,3.4058954704547815e-06,74,4.31748811353631
2020-02-19,0.0,0.0,0.0,0.0,0.0,0.0,0.04368066918206865,3.4058954704547815e-06,0.04368066918206865,3.4058954704547815e-06,130,4.875197323201151
2020-02-20,0.0,0.0,0.0,0.0,0.0,0.0,0.04368066918206865,3.4058954704547815e-06,0.04368066918206865,3.4058954704547815e-06,109,4.700480365792417
2020-02-21,0.0,0.0,0.0,0.0,0.0,0.0,0.04368066918206865,3.4058954704547815e-06,0.04368066918206865,3.4058954704547815e-06,50,3.9318256327243257
2020-02-22,0.0,0.0,0.0,0.0,0.0,0.0,0.041093849434286796,0.0,0.04368066918206865,3.4058954704547815e-06,8,2.1972245773362196
2020-02-23,0.0,0.0,0.0,0.0,0.0,0.0,0.0,0.0,0.04368066918206865,3.4058954704547815e-06,0,0.0
2020-02-24,0.0,0.0,0.0,0.0,0.0,0.0,0.0,0.0,0.04368066918206865,3.4058954704547815e-06,7,2.0794415416798357
2020-02-25,0.0,0.0,0.0,0.0,0.0,0.0,0.0,0.0,0.04368066918206865,3.4058954704547815e-06,0,0.0
2020-02-26,0.0,0.0,0.0,0.0,0.0,0.0,0.0,0.0,0.04368066918206865,3.4058954704547815e-06,170,5.14166355650266
2020-02-27,0.0,0.0,0.0,0.0,0.0,0.0,0.0,0.0,0.04368066918206865,3.4058954704547815e-06,67,4.219507705176107
2020-02-28,0.0,0.0,0.0,0.0,0.0,0.0,0.0,0.0,0.04368066918206865,3.4058954704547815e-06,145,4.983606621708336
2020-02-29,0.0,0.0,0.0,0.0,0.0,0.0,0.0,0.0,0.041093849434286796,0.0,474,6.163314804034641
2020-03-01,0.0,0.0,0.0,0.0,0.0,0.0,0.0,0.0,0.0,0.0,290,5.673323267171493
2020-03-02,0.0,0.0,0.0,0.0,0.0,0.0,0.0,0.0,0.0,0.0,743,6.612041034833092
2020-03-03,0.0,0.0,0.0,0.0,0.0,0.0,0.0,0.0,0.0,0.0,449,6.1092475827643655
2020-03-04,0.0,0.0,0.0,0.0,0.0,0.0,0.0,0.0,0.0,0.0,727,6.590301048196686
2020-03-05,0.0,0.0,0.0,0.0,0.0,0.0,0.0,0.0,0.0,0.0,283,5.648974238161206
2020-03-06,4.7054820378840805e-06,0.0,0.004705482037884081,0.0,0.004705482037884081,0.0,0.004705482037884081,0.0,0.004705482037884081,0.0,624,6.437751649736401
2020-03-07,1.4760710736497479e-05,6.811790940909563e-09,0.014760710736497479,6.811790940909563e-06,0.01946619277438156,6.811790940909563e-06,0.01946619277438156,6.811790940909563e-06,0.01946619277438156,6.811790940909563e-06,1282,7.1569563646156364
2020-03-08,7.24301445251711e-08,0.0,7.24301445251711e-05,0.0,0.01953862291890673,6.811790940909563e-06,0.01953862291890673,6.811790940909563e-06,0.01953862291890673,6.811790940909563e-06,228,5.43372200355424
2020-03-09,6.811790940909563e-09,0.0,6.811790940909563e-06,0.0,0.01483995267196356,6.811790940909563e-06,0.019545434709847643,6.811790940909563e-06,0.019545434709847643,6.811790940909563e-06,153,5.0369526024136295
2020-03-10,0.0,0.0,0.0,0.0,7.92419354660824e-05,0.0,0.019545434709847643,6.811790940909563e-06,0.019545434709847643,6.811790940909563e-06,0,0.0
2020-03-11,0.0012989427798605752,7.159201346117479e-06,1.2989427798605753,0.007159201346117479,1.2989495916515161,0.007159201346117479,1.3184882145704229,0.007166013137058389,1.3184882145704229,0.007166013137058389,361,5.8916442118257715
2020-03-12,6.352950730481606e-05,1.0364554757415505e-07,0.06352950730481606,0.00010364554757415505,1.3624722871653914,0.007262846893691634,1.382017721875239,0.007269658684632543,1.382017721875239,0.007269658684632543,378,5.937536205082426
2020-03-13,0.002392535731774151,1.3404679747179101e-05,2.392535731774151,0.0134046797471791,3.7550080189395425,0.020667526640870734,3.7698479716115063,0.020674338431811642,3.77455345364939,0.020674338431811642,607,6.410174881966167
2020-03-14,1.599329360211416e-05,9.073295128908872e-08,0.01599329360211416,9.073295128908872e-05,2.472058532681081,0.013599058246042345,3.771080554477123,0.020758259592159822,3.790546747251504,0.02076507138310073,20,3.044522437723423
2020-03-15,0.0,0.0,0.0,0.0,2.4085290253762652,0.01349541269846819,3.7710081243325977,0.020758259592159822,3.790546747251504,0.02076507138310073,0,0.0
2020-03-16,0.0,0.0,0.0,0.0,0.01599329360211416,9.073295128908872e-05,3.7710013125416566,0.020758259592159822,3.790546747251504,0.02076507138310073,0,0.0
2020-03-17,0.0,0.0,0.0,0.0,0.0,0.0,3.7710013125416566,0.020758259592159822,3.790546747251504,0.02076507138310073,0,0.0
2020-03-18,0.0,0.0,0.0,0.0,0.0,0.0,2.4720585326810816,0.013599058246042345,3.790546747251504,0.02076507138310073,3,1.3862943611198906
2020-03-19,4.031875714808486e-05,2.0646655461017883e-07,0.04031875714808486,0.00020646655461017884,0.04031875714808486,0.00020646655461017884,2.4488477825243504,0.01370187925307837,3.830865504399589,0.02097153793771091,0,0.0
2020-03-20,8.153227282752878e-06,0.0,0.008153227282752877,0.0,0.048471984430837736,0.00020646655461017884,0.06446527803295234,0.00029719950589926757,3.834313249644458,0.02097153793771091,0,0.0
2020-03-21,0.0001638695877932639,9.781897921279162e-07,0.1638695877932639,0.0009781897921279162,0.21234157222410166,0.001184656346738095,0.2123415722241021,0.001184656346738095,3.983422126701224,0.021942915938897918,0,0.0
2020-03-22,3.007626569918603e-06,0.0,0.003007626569918603,0.0,0.17503044164593537,0.0009781897921279162,0.21534919879402067,0.001184656346738095,3.986357323126618,0.021942915938897918,4,1.6094379124341003
2020-03-23,5.463100956339957e-06,6.597443732016669e-09,0.005463100956339956,6.597443732016668e-06,0.17234031531952243,0.000984787235859933,0.22081229975036062,0.0011912537904701116,3.9918136122920167,0.021949513382629935,159,5.075173815233827
2020-03-24,0.0,0.0,0.0,0.0,0.00847072752625853,6.597443732016668e-06,0.22081229975036062,0.0011912537904701116,3.9918136122920167,0.021949513382629935,288,5.666426688112432
2020-03-25,0.0,0.0,0.0,0.0,0.0054631009563399285,6.597443732016668e-06,0.22081229975036062,0.0011912537904701116,2.692870832431441,0.014790312036512456,1027,6.93537044601511
2020-03-26,0.0,0.0,0.0,0.0,0.0,0.0,0.18049354260227576,0.0009847872358599327,2.6293413251266253,0.0146866664889383,748,6.618738983517219
2020-03-27,0.0,0.0,0.0,0.0,0.0,0.0,0.17234031531952287,0.0009847872358599327,0.23680559335247436,0.0012819867417592004,1294,7.166265974133638
2020-03-28,2.0373462039760357e-08,0.0,2.0373462039760357e-05,0.0,2.03734620397326e-05,0.0,0.008491100988298736,6.5974437320164515e-06,0.22083267321239997,0.0011912537904701116,259,5.560681631015528
2020-03-29,1.3287538756163198e-07,0.0,0.00013287538756163197,0.0,0.00015324884960136458,0.0,0.005616349805941765,6.5974437320164515e-06,0.22096554859996162,0.0011912537904701116,260,5.564520407322694
2020-03-30,0.0,0.0,0.0,0.0,0.00015324884960136458,0.0,0.00015324884960180867,0.0,0.22096554859996162,0.0011912537904701116,17,2.8903717578961645
2020-03-31,0.0,0.0,0.0,0.0,0.00013287538756160422,0.0,0.00015324884960180867,0.0,0.22096554859996162,0.0011912537904701116,17,2.8903717578961645
2020-04-01,7.692793589730839e-08,0.0,7.692793589730839e-05,0.0,7.692793589728063e-05,0.0,0.00023017678549911704,0.0,0.22104247653585893,0.0011912537904701116,27,3.332204510175204
2020-04-02,0.0,0.0,0.0,0.0,7.692793589728063e-05,0.0,0.00023017678549911704,0.0,0.18072371938777407,0.000984787235859933,15,2.772588722239781
2020-04-03,6.268155566301874e-08,0.0,6.268155566301874e-05,0.0,0.00013960949156029937,0.0,0.00029285834116213577,0.0,0.17263317366068417,0.000984787235859933,119,4.787491742782046
2020-04-04,5.5523680113646665e-05,1.8390479313967316e-07,0.05552368011364667,0.00018390479313967317,0.05558636166930966,0.00018390479313967317,0.05579616499276904,0.00018390479313967295,0.06428726598106695,0.00019050223687168982,89,4.499809670330265
2020-04-05,0.00022413754236563687,1.3626791520003922e-06,0.22413754236563688,0.0013626791520003922,0.2797239040349465,0.0015465839451400654,0.27980083197084427,0.0015465839451400652,0.2854171817767852,0.001553181388872082,18,2.9444389791664403
2020-04-06,8.902063090353551e-06,0.0,0.008902063090353551,0.0,0.28856328556963706,0.0015465839451400654,0.28870289506119784,0.0015465839451400652,0.28885614391079883,0.0015465839451400652,0,0.0
2020-04-07,1.7498523754675754e-06,0.0,0.0017498523754675755,0.0,0.23478945783145796,0.0013626791520003922,0.29045274743666544,0.0015465839451400652,0.2906059962862664,0.0015465839451400652,13,2.6390573296152584
2020-04-08,0.00030370355445166205,1.1462437205953476e-06,0.30370355445166203,0.0011462437205953476,0.3143554699174831,0.0011462437205953476,0.5940793739524302,0.002692827665735413,0.5943095507379283,0.002692827665735413,33,3.5263605246161616
2020-04-09,0.00025394786100570746,1.0125928538524451e-06,0.25394786100570743,0.0010125928538524452,0.5594012678328371,0.002158836574447793,0.8480272349581376,0.003705420519587858,0.8482574117436359,0.003705420519587858,25,3.258096538021482
2020-04-10,0.0006913754105006451,3.3075511226341196e-06,0.6913754105006451,0.0033075511226341196,1.2490268259580146,0.005466387697081913,1.5393399639031196,0.007012971642221978,1.539632822244281,0.007012971642221978,0,0.0
2020-04-11,9.243070316102945e-05,2.457319493240473e-07,0.09243070316102946,0.00024573194932404733,1.037753974667382,0.004565875925810613,1.5762469869505025,0.007074798798406352,1.6320431519432705,0.007258703591546025,0,0.0
2020-04-12,0.0008724149235269502,3.67247458542532e-06,0.8724149235269502,0.00367247458542532,1.6562210371886246,0.007225757657383487,2.2245243681118154,0.00938459423183128,2.504325200082659,0.010931178176971345,0,0.0
2020-04-13,6.539676363923722e-05,4.140874121753121e-07,0.06539676363923722,0.0004140874121753121,1.0302423903272169,0.004332293946924679,2.2810190686606995,0.009798681644006591,2.5697219637218964,0.011345265589146657,0,0.0
2020-04-14,0.0,0.0,0.0,0.0,0.9378116871661873,0.004086561997600632,2.2792692162852317,0.009798681644006591,2.5697219637218964,0.011345265589146657,0,0.0
2020-04-15,6.5598043433188425e-09,0.0,6.559804343318842e-06,0.0,0.06540332344358053,0.0004140874121753121,1.975572221637913,0.008652437923411242,2.5696515955903423,0.011345265589146657,12,2.5649493574615367
2020-04-16,4.785793213308687e-07,0.0,0.0004785793213308687,0.0,0.0004851391256741875,0.0,1.7221029399535366,0.007639845069558799,2.570130174911673,0.011345265589146657,29,3.4011973816621555
2020-04-17,4.465165479566736e-06,1.3441844555717035e-08,0.004465165479566736,1.3441844555717035e-05,0.004950304605240924,1.3441844555717035e-05,1.0351926949324584,0.004345735791480397,2.5745326588355772,0.011358707433702373,38,3.6635616461296463
2020-04-18,4.484890625908135e-05,1.466707625525271e-07,0.04484890625908135,0.0001466707625525271,0.04979265105997895,0.00016011260710824412,0.98761089803051,0.0042466746047088765,2.5638578849810116,0.011321473403115229,17,2.8903717578961645
2020-04-19,0.0023771158561276106,1.231170964887745e-05,2.3771158561276104,0.01231170964887745,2.4264299278662587,0.012471822255985695,2.4923118306311705,0.012885909668161007,4.716836198742985,0.022270503899992286,10,2.3978952727983707
2020-04-20,4.040294638560493e-05,1.4185238709629385e-07,0.04040294638560493,0.00014185238709629386,2.462367708772297,0.012600232798526272,2.467318013377538,0.012613674643081989,4.748337082038237,0.02241235628708858,0,0.0
2020-04-21,0.0,0.0,0.0,0.0,2.4175188025132153,0.012453562035973744,2.467318013377538,0.012613674643081989,4.746587229662769,0.02241235628708858,0,0.0
2020-04-22,0.0,0.0,0.0,0.0,0.04040294638560493,0.00014185238709629386,2.4673114535731946,0.012613674643081989,4.442883675211107,0.021266112566493234,11,2.4849066497880004
2020-04-23,0.0,0.0,0.0,0.0,0.0,0.0,2.466832874251864,0.012613674643081989,4.1889358142054,0.020253519712640788,118,4.77912349311153
2020-04-24,3.925138094170731e-05,1.4571156500780238e-07,0.03925138094170731,0.00014571156500780237,0.03925138094170731,0.00014571156500780237,2.5016190897140045,0.012745944363534073,3.5368117846464613,0.017091680155014468,108,4.6913478822291435
2020-04-25,0.0,0.0,0.0,0.0,0.03925138094170731,0.00014571156500780237,2.456770183454923,0.012599273600981547,3.444381081485432,0.016845948205690423,73,4.30406509320417
2020-04-26,3.984991062826573e-07,0.0,0.0003984991062826573,0.0,0.03964988004798997,0.00014571156500780237,0.08005282643359535,0.0002875639521040962,2.5723646570647647,0.013173473620265103,144,4.976733742420574
2020-04-27,1.385616907983004e-06,0.0,0.001385616907983004,0.0,0.0017841160142656612,0.0,0.041035496955973416,0.00014571156500780237,2.5083535103335106,0.012759386208089791,64,4.174387269895637
2020-04-28,0.00017923138762395306,4.0205236753134444e-07,0.17923138762395305,0.00040205236753134446,0.18101550363821872,0.00040205236753134446,0.22026688457992646,0.0005477639325391469,2.6875848979574637,0.013161438575621135,32,3.4965075614664802
2020-04-29,6.695921122154349e-07,0.0,0.0006695921122154349,0.0,0.1812865966441515,0.00040205236753134446,0.2209364766921419,0.0005477639325391468,2.688247930265336,0.013161438575621135,0,0.0
2020-04-30,5.7204889928662415e-06,0.0,0.005720488992866242,0.0,0.18562146872903473,0.00040205236753134446,0.22665696568500815,0.0005477639325391468,2.693489839936871,0.013161438575621135,3,1.3862943611198906
2020-05-01,0.00012339184422835068,6.378618014172019e-07,0.12339184422835067,0.0006378618014172019,0.12978192533343236,0.0006378618014172019,0.31079742897165147,0.0010399141689485464,2.8124165186856547,0.01378585853248262,89,4.499809670330265
2020-05-02,0.0009061333909312978,4.52331571612338e-06,0.9061333909312977,0.00452331571612338,1.0352457241525146,0.005161177517540582,1.2169308199029492,0.005563229885071927,3.6737010033578716,0.018162503486053472,208,5.342334251964811
2020-05-03,0.005043841014929002,2.872384085108526e-05,5.043841014929002,0.02872384085108526,6.07336625008865,0.03388501836862584,6.260373335725668,0.03428707073615719,6.340426162159263,0.03457463468826128,58,4.07753744390572
2020-05-04,0.00039843579253848085,1.8858009757250728e-06,0.3984357925384808,0.0018858009757250728,6.34841019839878,0.03513295754293371,6.657423511356166,0.03617287171188226,6.698459008312139,0.03631858327689006,42,3.7612001156935624
2020-05-05,0.001027288380910764,4.859542168538799e-06,1.027288380910764,0.004859542168538799,6.469565188378247,0.03546918399534913,7.505480504642977,0.040630361512889714,7.725747389222903,0.041178125445428856,8,2.1972245773362196
2020-05-06,0.00012499630023554378,4.860001971108376e-07,0.12499630023554378,0.00048600019711083763,1.5507204736847888,0.007231343341374709,7.629807212766305,0.04111636171000055,7.850743689458446,0.04166412564253969,0,0.0
2020-05-07,0.0001418445319925429,5.538400925423525e-07,0.1418445319925429,0.0005538400925423525,1.2941292131388509,0.0058993824581919894,7.765931255765982,0.041670201802542904,7.99258822145099,0.042217965735082054,0,0.0
2020-05-08,0.0011298911620220124,6.316748569394097e-06,1.1298911620220125,0.006316748569394097,1.396731994250099,0.007356588859047287,8.772430573559644,0.047349088570519796,9.083228002531294,0.04838900273946835,0,0.0
2020-05-09,0.0004019330999986439,2.3108649297956717e-06,0.4019330999986439,0.0023108649297956716,1.6736687940131991,0.00918145359173212,8.26823028262699,0.04513663778419209,9.485161102529938,0.050699867669264015,0,0.0
2020-05-10,0.0008506824119961975,3.4985521847660672e-06,0.8506824119961975,0.0034985521847660673,2.382506674016854,0.012126165683955836,4.075071679694186,0.019911349117872897,10.335445015419854,0.05419841985403008,1,0.6931471805599453
2020-05-11,0.0010315246534110254,5.342774361349064e-06,1.0315246534110254,0.005342774361349064,2.2841401654058666,0.011152191475910804,4.70816054056673,0.023368322503496887,11.365584051922896,0.05954119421537915,2,1.0986122886681098
2020-05-12,0.0012929381379868027,6.744497775558814e-06,1.2929381379868028,0.0067444977755588146,3.1751452033940257,0.015585824321673946,4.9738102976427685,0.0252532781105169,12.479290802285746,0.06588363962340661,33,3.5263605246161616
2020-05-13,8.759794968691592e-05,1.5068416257243678e-07,0.08759794968691592,0.0001506841625724368,2.412060741084744,0.012237956299480317,4.936411947094141,0.0249179620759785,12.566219159860447,0.06603432378597905,1,0.6931471805599453
2020-05-14,0.005917898674667388,3.403122036623746e-05,5.917898674667389,0.03403122036623746,7.298434762341108,0.04092640230436871,10.712466089768988,0.058395342349673605,18.47839734553497,0.10006554415221651,7,2.0794415416798357
2020-05-15,0.00020107490936482512,5.484332622134109e-07,0.2010749093648251,0.0005484332622134109,6.20657153371913,0.03473033779102331,9.783649837111799,0.052627027042492926,18.55608041067144,0.09997611561301271,0,0.0
2020-05-16,0.0035074296916719518,2.2138751999174107e-05,3.507429691671952,0.022138751999174106,9.626403275704165,0.05671840562762498,12.889146428785107,0.07245491411187135,21.1573767114121,0.11759155189606345,11,2.4849066497880004
2020-05-17,0.002498873200477953,1.270846282736334e-05,2.4988732004779526,0.01270846282736334,6.207377801514729,0.035395648088750856,14.537337217266863,0.08166482475446864,18.612408896961046,0.10157617387234152,2,1.0986122886681098
2020-05-18,0.0002276991638935121,9.00460929125404e-07,0.22769916389351208,0.000900460929125404,6.234002056043416,0.03574767575566285,13.733511727749349,0.07722251132224496,18.44167226831608,0.10059083382574185,9,2.302585092994046
2020-05-19,0.0020897311267186174,1.0855485082248656e-05,2.0897311267186174,0.010855485082248656,4.816303491090082,0.0244644088387374,14.530304716481163,0.08133349862893481,19.504115014123933,0.10658677673945172,14,2.70805020110221
2020-05-20,0.0035278573145876143,1.864788161464438e-05,3.527857314587614,0.01864788161464438,5.8452876051997436,0.03040382762601844,17.970564081381863,0.09983069608100675,22.906976028476002,0.12474865815698526,21,3.091042453358316
2020-05-21,0.011336956808966502,7.429307446755283e-05,11.336956808966502,0.07429307446755283,16.954545250272734,0.10379644116444586,23.389622215680976,0.1400925501823221,34.10208830544996,0.19848789253199572,16,2.833213344056216
2020-05-22,0.021122663467827315,0.0006588262606012302,21.122663467827316,0.6588262606012302,35.987477591381435,0.7517672166834274,44.31121077414346,0.7983703775213389,54.094860611255264,0.8509974045638318,0,0.0
2020-05-23,0.0005833328707498165,3.611771411211614e-06,0.5833328707498165,0.003611771411211614,33.042953147543635,0.7367311064799946,41.38711395322133,0.7798433969333763,54.276260382006434,0.8522983110452477,0,0.0
2020-05-24,0.00025604033206834154,1.1580286310782876e-06,0.25604033206834154,0.0011580286310782877,21.962036670645478,0.6635960606435201,39.144281084811716,0.7682929627370914,53.68161830207858,0.8499577874915599,0,0.0
2020-05-25,0.00031017237052668073,1.3026214027360627e-06,0.31017237052668073,0.0013026214027360627,1.1495455733448423,0.006072421445025965,39.22675429144489,0.768695123210702,52.960266019194236,0.8459176345329469,2,1.0986122886681098
2020-05-26,0.0005800667888444558,2.997420509746796e-06,0.5800667888444557,0.0029974205097467958,1.1462794914394814,0.005458070543561146,37.71708995357073,0.7608370586382002,52.24739467005189,0.842170557267135,4,1.6094379124341003
2020-05-27,0.0015069154074977425,8.511918815583098e-06,1.5069154074977424,0.008511918815583098,2.397154566868882,0.012811960728065955,35.69614804648086,0.7507010958391389,53.666712127862716,0.8505317919201456,0,0.0
2020-05-28,0.0008834564575501433,6.41843479744542e-06,0.8834564575501433,0.00641843479744542,2.9704386538923453,0.017927774122775315,25.242647695064495,0.6828264561690315,48.63226991074547,0.8229190063513536,1,0.6931471805599453
2020-05-29,0.00224365548845312,1.574308598703587e-05,2.24365548845312,0.01574308598703587,4.6340273535010095,0.030673439600064387,6.363639715690301,0.03974328155483715,50.67485048983376,0.8381136590761761,1,0.6931471805599453
2020-05-30,0.000416860982304475,2.948956718238815e-06,0.416860982304475,0.002948956718238815,3.543972928307742,0.025110477502720104,6.197167827244959,0.03908046686186435,47.584281780466284,0.8189238637952407,75,4.330733340286331
2020-05-31,0.0001486274254784017,7.455335573293822e-07,0.1486274254784017,0.0007455335573293821,2.8091438962360002,0.01943757626260407,6.089754920655019,0.03866797178811544,45.234036005466734,0.8069609345252067,0,0.0
2020-06-01,0.0006693253453904614,4.456702844685369e-06,0.6693253453904614,0.004456702844685369,1.2348137531733416,0.008151193120253567,6.4489078955188,0.04182205323006475,45.675662186963685,0.8105171764407667,11,2.4849066497880004
2020-06-02,0.0008040452941453214,4.231547995598622e-06,0.8040452941453213,0.004231547995598621,1.6219980650141879,0.009433784397613373,6.672886400819665,0.043056180715916575,44.389976354390384,0.8038932393541167,2,1.0986122886681098
2020-06-03,0.000706743656267246,4.028106473408004e-06,0.706743656267246,0.004028106473408004,2.1801142958030324,0.012716357313691995,5.8727146495891684,0.03857236837374148,41.56886269607002,0.7892734642128802,3,1.3862943611198906
2020-06-04,0.001433405567307885,9.049723439705003e-06,1.433405567307885,0.009049723439705002,2.944194517720456,0.017309377908711628,6.422663759346911,0.04120365701600106,31.665311454411405,0.7240301131850325,0,0.0
2020-06-05,0.0003446293008380294,1.712938405065026e-06,0.3446293008380294,0.0017129384050650258,2.484778524413164,0.014790768318178032,4.52363757173182,0.02717350943403022,10.88727728742212,0.06691679098886737,0,0.0
2020-06-06,0.00016068755703401886,6.117871551395294e-07,0.16068755703401885,0.0006117871551395294,1.9387224251799364,0.011374448999909557,4.267464146461363,0.024836339870930934,10.464631973706323,0.06391680673279528,0,0.0
2020-06-07,0.002215185632292361,1.3148948367922262e-05,2.215185632292361,0.013148948367922263,2.720502490164413,0.015473673928126817,6.334022353275323,0.03723975468152381,12.423777273930341,0.07590772646963925,0,0.0
2020-06-08,0.00199427728083509,1.0825764008180435e-05,1.99427728083509,0.010825764008180435,4.370150470161473,0.02458649953124223,7.658974288719952,0.043608815845018876,14.107882184238752,0.08543086907508363,50,3.9318256327243257
2020-06-09,0.040336581235886515,0.002151980785396311,40.33658123588651,2.1519807853963107,44.546044149013966,2.175955497772413,47.19151023046114,2.191358053245731,53.86439663128081,2.2344142339616475,1,0.6931471805599453
2020-06-10,0.0025446407106158937,3.440439245339485e-05,2.544640710615894,0.034404392453394855,44.8754992273375,2.197210941857886,49.02940728480979,2.2217343392257183,54.90212193439896,2.2603067075994594,7,2.0794415416798357
2020-06-11,0.00621118609913836,6.828827635195848e-05,6.21118609913836,0.06828827635195849,49.09240804564077,2.254673454201664,53.807187816640266,2.2809728921379717,60.22985157598718,2.3221765491539728,0,0.0
2020-06-12,0.00034768901417626957,1.7739658838417075e-06,0.3476890141762696,0.0017739658838417075,9.103515823930524,0.10446663468919505,53.810247529978504,2.281033919616748,58.33388510171033,2.308207429050778,0,0.0
2020-06-13,5.043290003473047e-05,0.0,0.05043290003473047,0.0,6.609308013349359,0.0700622422358002,53.699992872979216,2.2804221324616085,57.96745701944059,2.305258472332539,0,0.0
2020-06-14,0.0020785688831749666,1.4497210613702744e-05,2.0785688831749667,0.014497210613702745,2.4766907973859666,0.016271176497544452,53.563376123861815,2.2817703947073893,59.897398477137145,2.319010149388913,0,0.0
2020-06-15,0.007476318976790861,0.000184760078790767,7.476318976790861,0.184760078790767,9.605320760000557,0.19925728940446974,59.045417819817594,2.4557047094899755,66.70439210853755,2.4993135253349945,0,0.0
2020-06-16,0.0008474207917385345,5.129497970203222e-06,0.8474207917385346,0.005129497970203222,10.402308651704361,0.20438678737467297,19.556257375669617,0.308853422063868,66.74776760613075,2.500211475309599,0,0.0
2020-06-17,0.0022060067238721874,1.676739873055303e-05,2.2060067238721874,0.01676739873055303,10.529746492401582,0.20665697549152326,19.217623388925908,0.2912164283410262,68.24703067373571,2.512950767566744,0,0.0
2020-06-18,0.009166581272039977,0.00010619352166825695,9.166581272039977,0.10619352166825695,12.220008787650698,0.1280904183690132,22.173018561827526,0.3291216736573247,75.9802063784678,2.6100945657952956,0,0.0
2020-06-19,3.7497736722534395e-05,1.4998735189672155e-07,0.0374977367225344,0.00014998735189672156,11.410085732634698,0.1231109077507067,21.862827284373793,0.3274976951253797,75.67307481435229,2.6085316147421276,0,0.0
2020-06-20,0.0007294531167421468,4.7073358801708325e-06,0.7294531167421467,0.004707335880170833,9.933532125504657,0.11105084490032449,22.541847501081207,0.3322050310055505,76.24184037406043,2.6126271634671587,0,0.0
2020-06-21,0.0007739759457570863,4.701134337055782e-06,0.7739759457570864,0.004701134337055783,1.540926799221766,0.009558457569123338,21.237254563663328,0.3224089547289036,74.80063068752516,2.604179349436292,0,0.0
2020-06-22,0.00028955839288971667,1.6059353687445292e-06,0.2895583928897167,0.0016059353687445292,1.792987455388948,0.011014405585971146,14.050493979762182,0.13925481130688105,73.09591179957978,2.5949595207968565,149,5.0106352940962555
2020-06-23,0.00033056525212363816,1.597736527182796e-06,0.3305652521236382,0.001597736527182796,1.3940995907704394,0.007904806232983109,13.533638440147287,0.13572304986386063,33.08989581581691,0.44457647192772864,0,0.0
2020-06-24,0.004409862376760883,3.2225943675448545e-05,4.409862376760883,0.032225943675448544,5.029986021774237,0.03542961557137587,15.737494093035984,0.15118159480875615,34.9551174819619,0.4423980231497823,22,3.1354942159291497
2020-06-25,0.0025359883923856377,1.824233906579399e-05,2.535988392385638,0.018242339065793988,7.276416021270158,0.05206601926842533,9.106901213381644,0.06323041220629319,31.279919775209176,0.39235208586361786,0,0.0
2020-06-26,0.002015257395398367,1.448464520181034e-05,2.015257395398367,0.01448464520181034,8.961108164544886,0.06495292794305288,11.084660872057476,0.0775650700562068,32.94748815643128,0.4050627651815865,3,1.3862943611198906
2020-06-27,0.0015428858221746477,1.0086287828914592e-05,1.5428858221746478,0.010086287828914593,6.094131609958651,0.04281327209651892,11.898093577489977,0.08294402200495057,34.43994107857119,0.4151490530105011,26,3.295836866004329
2020-06-28,0.00031578477095951573,1.458384020752612e-06,0.31578477095951574,0.001458384020752612,3.873927988532529,0.026029317051477544,11.439902402692407,0.07970127168864741,32.677156966355746,0.40211022641755095,14,2.70805020110221
2020-06-29,0.0017391433975451648,1.1453473591300101e-05,1.739143397545165,0.011453473591300101,3.5978139906793265,0.022998145440967305,12.889487407347856,0.08954880991120298,26.939981387110045,0.22880362121808404,8,2.1972245773362196
2020-06-30,0.000783690783004355,3.902560112215906e-06,0.783690783004355,0.003902560112215906,2.838618951509034,0.01681441772426862,13.342612938228571,0.09185363349623608,26.876251378375866,0.2275766833600967,0,0.0
2020-07-01,0.00044175986617269586,2.1751625082076305e-06,0.44175986617269586,0.0021751625082076305,2.9645940467222136,0.017531196211723638,9.374510427640384,0.06180285232899517,25.112004520676376,0.2129844471377513,2,1.0986122886681098
2020-07-02,0.0017321578752698221,1.209473334834881e-05,1.7321578752698221,0.01209473334834881,2.9576085244468713,0.018172455968772344,8.570679910524568,0.05565524661154999,17.67758112390622,0.11888565881784319,0,0.0
2020-07-03,0.001203551172519377,6.791467260949331e-06,1.203551172519377,0.006791467260949331,3.377468913961893,0.021061363117505772,7.758973687645579,0.04796206867068898,18.843634559703062,0.1255271387268958,0,0.0
2020-07-04,0.005598943606302161,3.9369089437762896e-05,5.598943606302161,0.0393690894377629,8.534652654091358,0.05825529004706104,11.815031471773093,0.07724487027953728,23.713125049263077,0.16018889228448785,0,0.0
2020-07-05,0.002080451365303058,1.2963810628741281e-05,2.080451365303058,0.01296381062874128,8.882946144124595,0.05912436732745351,13.579698066116634,0.08875029688752595,25.019600468809045,0.16845156857617338,0,0.0
2020-07-06,0.009742955804008167,7.849492446182836e-05,9.742955804008167,0.07849492446182836,17.42235077561338,0.13082782452833255,21.583510472579636,0.1557917477580542,34.4729978799275,0.2453405576692572,0,0.0
2020-07-07,0.0008724119064194654,5.190817005068072e-06,0.8724119064194654,0.005190817005068072,12.695819075730688,0.0966495520956377,21.672231595994745,0.15708000465090638,35.01484453422333,0.24893363814714245,0,0.0
2020-07-08,0.003990847753782189,3.450469340445676e-05,3.990847753782189,0.034504693404456756,14.60621546420982,0.1181904348713532,25.22131948360424,0.1894095355471555,34.59582991124463,0.2512123878761507,0,0.0
2020-07-09,0.0019291027293185253,1.2550274912024995e-05,1.9291027293185252,0.012550274912024996,6.792362389520176,0.052245785321549824,25.418264337652943,0.1898650771108317,33.98894424817752,0.2455203237223817,0,0.0
2020-07-10,0.0009623103096696377,6.221311388459939e-06,0.9623103096696377,0.006221311388459939,6.8822607927703485,0.05327627970494169,25.177023474803203,0.1892949212383423,32.935997162448786,0.2372569899090313,0,0.0
2020-07-11,0.006470812284437238,5.140132930505464e-05,6.470812284437238,0.05140132930505464,9.362225323425397,0.07017291560553957,26.04889215293828,0.20132716110563403,37.863923624711376,0.27857203138517134,0,0.0
2020-07-12,0.010073540655976137,7.913335291696134e-05,10.073540655976137,0.07913335291696133,17.506663250083008,0.1367559936104759,34.04198144361136,0.26749670339385406,47.621679509728,0.35624700028138007,0,0.0
2020-07-13,0.002942812619640874,2.6720043786125975e-05,2.942812619640874,0.026720043786125976,19.487165560054244,0.15725472600814194,27.241838259244066,0.2157218227181517,48.82534873182371,0.3715135704762059,0,0.0
2020-07-14,0.002086298245212878,1.3616487033763208e-05,2.086298245212878,0.013616487033763208,15.102651520829886,0.1194698837368505,28.455724598037477,0.22414749274684684,50.12795619403224,0.38122749739775325,0,0.0
2020-07-15,0.0061766285582362055,4.955788716629548e-05,6.176628558236206,0.04955788716629548,11.205739423089955,0.08989441798618465,30.641505402491493,0.2392006865086856,55.862824886095744,0.42861022205584104,0,0.0
2020-07-16,0.006177528132947626,0.00011968964007059996,6.177528132947626,0.11968964007059996,14.440454936396709,0.18286401427065863,34.889930806120596,0.3463400516672605,60.308195143773546,0.5362051287780922,0,0.0
2020-07-17,0.014018194779135084,0.0013767413331837908,14.018194779135085,1.3767413331837908,26.372351470318915,1.5459888604206862,47.94581527558604,1.7168600734625914,73.12283875038925,1.9061549947009335,0,0.0
2020-07-18,0.013539646979719983,0.0005146185948966458,13.539646979719983,0.5146185948966459,33.73536989180269,2.0110495681510367,55.01464997086879,2.1800773390541828,81.06354212380708,2.3814045001598165,0,0.0
2020-07-19,0.017262581475289206,0.0018761895257061946,17.262581475289206,1.8761895257061947,44.82042323414427,3.767549453786631,62.20369079018185,3.977133511843416,96.24567223379321,4.244630215237271,0,0.0
2020-07-20,0.0005325601935958603,4.690241955877336e-06,0.5325601935958604,0.004690241955877336,31.334788648605045,2.395498362558718,59.79343836413684,3.955103710013167,87.03527662338092,4.170825532731318,0,0.0
2020-07-21,0.001593584004277278,1.3963891848548905e-05,1.593584004277278,0.013963891848548906,19.388725673162345,1.894843659510621,59.30072412320125,3.9554511148279534,87.75644872123873,4.1795986075748,2,1.0986122886681098
2020-07-22,0.011697217749550815,0.00023593259326407985,11.697217749550815,0.23593259326407984,13.82336194742395,0.25458672706850627,64.82131331451585,4.141825820925738,95.46281871700735,4.381026507434423,2,1.0986122886681098
2020-07-23,0.002792137794024882,2.694905322136288e-05,2.792137794024882,0.02694905322136288,16.08293954785297,0.27684553833399184,61.43592297559311,4.0490852340765,96.32585378171372,4.395425285743761,0,0.0
2020-07-24,0.010395206962782174,0.00038157625463161127,10.395206962782174,0.38157625463161127,24.884562506357867,0.6444579011170541,57.8129351592402,3.0539201555243207,105.75875043482624,4.770780228986912,0,0.0
2020-07-25,0.015759332100854864,0.001929947605715533,15.759332100854863,1.9299476057155331,28.946676857661913,2.3384729135685074,60.03262028037508,4.469249166343208,115.04727025124387,6.649326505397391,0,0.0
2020-07-26,0.0008508371720872738,8.57862938073502e-06,0.8508371720872738,0.00857862938073502,27.005376235724306,2.3201024897278795,43.62087597717315,2.6016382700177485,105.82456676735501,6.578771781861165,0,0.0
2020-07-27,0.008961464255649762,0.0002636298072446057,8.961464255649762,0.2636298072446057,25.571633528591896,2.202156042340874,52.049780039227045,2.860577835306477,111.84321840336389,6.815681545319643,0,0.0
2020-07-28,0.026229032341011923,0.0018439239951246183,26.229032341011923,1.8439239951246182,36.041333768748956,2.116132431749959,76.6852283759617,4.690537938582546,135.98595249916295,8.6459890534105,0,0.0
2020-07-29,0.01005075249817975,0.00035989992313796706,10.050752498179751,0.35989992313796704,45.241249094841436,2.467453725507191,75.03876312459063,4.814505268456434,139.86007643910648,8.95633108938217,0,0.0
2020-07-30,0.0016381821044076548,9.396606123875586e-05,1.6381821044076548,0.09396606123875587,37.91796694359933,2.2977899795013412,73.88480743497341,4.881522276473826,135.32073041056654,8.930607510550326,0,0.0
2020-07-31,0.005504439515663121,0.00014204623146726653,5.504439515663121,0.14204623146726653,17.193374118250524,0.5959122158439895,68.99403998785435,4.641992253309482,126.80697514709455,7.695912408833802,236,5.4680601411351315
2020-08-01,0.011501160442977389,0.0011968065418805898,11.501160442977389,1.1968065418805898,18.64378206304816,1.4328188345866122,64.73586832997688,3.908851189474538,124.76848861035197,8.378100355817747,26,3.295836866004329
2020-08-02,0.00828495281559502,0.0012443205931028174,8.28495281559502,1.2443205931028174,25.290552774235525,2.5831733664506737,72.16998397348462,5.14459315319662,115.79085995065778,7.746231423214368,0,0.0
2020-08-03,0.0006672478722191569,8.226116841620904e-06,0.6672478722191568,0.008226116841620904,20.453361130791563,2.4493532518250283,63.87576759005402,4.889189462793636,115.92554762928107,7.749767298100113,0,0.0
2020-08-04,0.008840083942349215,0.00014050215322216052,8.840083942349215,0.14050215322216053,17.792284630163387,1.393048863166599,46.48681919139131,3.1857676208911783,123.17204756735302,7.876305559473724,0,0.0
2020-08-05,0.003692585472434618,0.00010699412915087622,3.692585472434618,0.10699412915087622,13.199917287002986,0.25572239921465767,40.12865216564617,2.932861826904087,115.16741529023682,7.747367095360521,0,0.0
2020-08-06,0.00279789452372233,4.324127397697789e-05,2.79789452372233,0.04324127397697789,15.33056393850616,0.29073755635001464,41.288364584960846,2.882137039642309,115.17317201993427,7.763659316116136,0,0.0
2020-08-07,0.0061957849404592185,0.00010907974631701599,6.195784940459219,0.10907974631701599,12.686264936616162,0.2593151494448701,41.97971000975694,2.8491705544920585,110.97374999761129,7.49116280780154,0,0.0
2020-08-08,0.0227184776670741,0.003320904360494218,22.7184776670741,3.320904360494218,31.712157131255644,3.473225380788212,53.19702723385366,4.973268373105687,117.93289556383054,8.882119562580225,0,0.0
2020-08-09,0.007733124860945716,0.0008865610393121538,7.733124860945716,0.8865610393121538,36.64738746847903,4.316545146123388,52.645199279204355,4.615508819315023,124.81518325268898,9.760101972511645,0,0.0
2020-08-10,0.0017474055637002506,3.630408732677404e-05,1.7474055637002506,0.03630408732677404,32.19900809172006,4.243769487133146,53.72535697068545,4.643586789800176,117.60112456073946,9.532776252593813,0,0.0
2020-08-11,0.007744191975873636,0.0004967016236575282,7.744191975873636,0.4967016236575282,17.2247224005196,1.419566750296456,52.62946500420987,4.999786260235544,99.11628419560118,8.185553881126722,0,0.0
2020-08-12,0.00035807098984107184,5.21586033181343e-06,0.35807098984107183,0.00521586033181343,9.849668529414956,0.5382215713161157,49.29495052161632,4.898007991416481,89.4236026872625,7.8308698183205685,0,0.0
2020-08-13,0.0006622649462170848,8.219730903739664e-06,0.6622649462170848,0.008219730903739664,8.76452791193179,0.5101372148930813,47.15932094411108,4.862986448343243,88.44768552907193,7.745123487985553,50,3.9318256327243257
2020-08-14,0.0021396671114381747,2.5905564893941323e-05,2.139667111438175,0.025905564893941323,3.160003047496328,0.03934115612949442,43.10320311509004,4.779812266920168,85.08291312484698,7.628982821412227,197,5.288267030694535
2020-08-15,0.010391204427661878,0.0003438157855986859,10.391204427661878,0.3438157855986859,13.193136485317133,0.3779410813963669,30.77592987567781,1.8027236920246363,83.97295710953148,6.775992065130323,197,5.288267030694535
2020-08-16,0.015912034108371782,0.0030299032678662106,15.912034108371783,3.0299032678662106,28.442905647471832,3.3996246183588377,38.95483912310388,3.946065920578693,91.60003840230824,8.561574739893718,190,5.25227342804663
2020-08-17,0.011390791869057256,0.001017437138576464,11.390791869057256,1.017437138576464,37.69403040509091,4.39115619204136,48.59822542846088,4.927198971828383,102.32358239914633,9.57078576162856,0,0.0
2020-08-18,0.0008233374687299276,3.8471688926389865e-05,0.8233374687299276,0.038471688926389865,28.126163446158962,4.085812095369064,41.67737092131718,4.468969037097245,94.30683592552705,9.46875529733279,0,0.0
2020-08-19,0.0012647673573975616,1.8928692055869428e-05,1.2647673573975615,0.018928692055869428,13.478896695184742,1.0748375195587232,42.58406728887367,4.482681868821301,91.87901781049,9.380689860237782,0,0.0
2020-08-20,0.005763768742208257,0.00012036430059671836,5.763768742208257,0.12036430059671836,7.851873568335742,0.17776468157897765,47.68557108486484,4.594826438514279,94.84489202897592,9.457812886857523,0,0.0
2020-08-21,0.010713100519117402,0.0005218157680477274,10.713100519117402,0.5218157680477274,17.741636618723216,0.6611087607003152,56.259004492544065,5.090736641668066,99.3622076076341,9.870548908588235,0,0.0
2020-08-22,0.006628488227548431,0.0003952936973940152,6.628488227548431,0.3952936973940152,23.105357488874084,1.037473766038461,52.49628829243062,5.142214553463395,83.27221816810844,6.944938245488031,0,0.0
2020-08-23,0.0075694304992067595,0.000578150806251918,7.569430499206759,0.5781508062519181,24.911019245872588,1.4952602716936607,44.153684683265595,2.6904620918491022,83.10852380636948,6.636528012427796,0,0.0
2020-08-24,0.007689923673307163,0.00038515030277505135,7.689923673307163,0.38515030277505136,21.88784240006235,1.3585948064209847,40.452816487515506,2.0581752560476896,89.05104191597638,6.985374227876073,0,0.0
2020-08-25,0.005872886308695251,0.0003308687880872298,5.872886308695251,0.3308687880872298,21.13224048120917,1.2941698971141993,45.502365327480824,2.3505723552085294,87.17973624879801,6.819541392305775,0,0.0
2020-08-26,0.0002462961200155083,3.2184096741937915e-06,0.2462961200155083,0.0032184096741937917,13.809106102017918,0.719237500536475,44.48389409009877,2.334862072826854,87.06796137897244,6.817543941648156,0,0.0
2020-08-27,0.0007532679043203717,9.011219349287895e-06,0.7532679043203717,0.009011219349287895,6.872450333031128,0.3430984171107115,39.47339325221088,2.2235089915794237,87.15896433707573,6.818335430093703,0,0.0
2020-08-28,0.004048343317476894,0.00016893567804825968,4.048343317476894,0.16893567804825968,5.0479073418127705,0.18116530707174136,32.80863605057038,1.8706289015799558,89.06764054311445,6.9613655432480215,0,0.0
2020-08-29,0.019318430964880794,0.0020664705297625467,19.318430964880793,2.0664705297625465,24.120042186678056,2.2444174271600943,45.49857878790274,3.541805733948487,97.99486708033336,8.684020287411883,0,0.0
2020-08-30,0.0032796619784598246,0.00016275868856153487,3.2796619784598247,0.16275868856153486,26.64643626081751,2.398164896372341,41.208810267155805,3.1264136162581035,85.36249495042141,5.816875708107206,0,0.0
2020-08-31,0.0003137213887762992,4.062169254903228e-06,0.31372138877629924,0.004062169254903228,22.911814332116915,2.233291387578985,33.832607982624936,2.745325482737956,74.28542447014046,4.803500738785646,0,0.0
2020-09-01,0.003370430889752115,6.51932315982056e-05,3.370430889752115,0.0651932315982056,6.963814256988235,0.2320140894146437,31.330152563681803,2.4796499262489315,76.83251789116264,4.830222281457461,0,0.0
2020-09-02,0.007152019752195281,0.00030435729010556566,7.15201975219528,0.30435729010556567,10.836172030723692,0.3736126909586745,38.23587619586158,2.7807888066803033,82.71977028596035,5.115650879507157,0,0.0
2020-09-03,0.0028771729687782164,6.624072557424824e-05,2.8771729687782166,0.06624072557424825,13.399623610725609,0.43579124727801954,40.35978126031942,2.838018312905264,79.83317451253032,5.061527304484688,0,0.0
2020-09-04,0.008982907483528861,0.0001709025972239966,8.98290748352886,0.1709025972239966,19.012100204502353,0.5415006129038105,45.294345426371386,2.8399852320810006,78.10298147694178,4.710614133660957,0,0.0
2020-09-05,0.0075647438857558815,0.000386456499965908,7.564743885755881,0.38645649996590803,19.424824338062955,0.6235998227641528,33.54065834724648,1.1599712022843622,79.03923713514922,4.70177693623285,114,4.74493212836325
2020-09-06,0.020416572545415054,0.0028891322081544355,20.416572545415054,2.8891322081544355,36.96422391469979,3.44649130534434,50.67756891420171,3.886344721877263,91.88637918135751,7.012758338135367,28,3.367295829986474
2020-09-07,0.005208323711574792,0.0003780623781950023,5.208323711574792,0.3780623781950023,33.189640142745716,3.6536510863153455,55.5721712370002,4.260344930817362,89.40477921962514,7.005670413555318,5,1.791759469228055
2020-09-08,0.0007652651781902259,1.1758514721249936e-05,0.7652651781902259,0.011758514721249936,26.390161435180065,3.278953101070688,52.96700552543831,4.206910213940406,84.29715808912013,6.686560140189338,0,0.0
2020-09-09,0.0006020533628192373,7.350401047012449e-06,0.6020533628192373,0.007350401047012449,6.575642252584248,0.3971712939632647,46.417039136062265,3.909903324881853,84.65291533192385,6.690692131562156,0,0.0
2020-09-10,0.0056862827409140835,0.00019725039681884045,5.686282740914083,0.19725039681884046,7.053601281923539,0.21635931258710284,49.226148908198134,4.040912996126445,89.58593016851756,6.878931309031709,157,5.062595033026967
2020-09-11,0.0028585901771239096,5.069235271420059e-05,2.8585901771239097,0.05069235271420059,9.146926280857222,0.2552931505800535,43.10183160179319,3.920702751616649,88.39617702816459,6.76068798369765,20,3.044522437723423
2020-09-12,0.0028330226682875973,4.4137846644094094e-05,2.8330226682875974,0.04413784664409409,11.377895586325582,0.29208059617713517,38.3701103843249,3.5783840982948347,71.9107687315714,4.738355300579197,255,5.545177444479562
2020-09-13,0.015260204763098783,0.0010679847738187104,15.260204763098784,1.0679847738187105,20.951817608510282,1.1628149731770052,33.21374260200863,1.7572366639591104,83.89131151621035,5.643581385836374,0,0.0
2020-09-14,0.00018953635157919644,2.6841715402501476e-06,0.18953635157919643,0.0026841715402501475,18.28276378296557,1.1148067920030547,28.194955242013034,1.3818584573043582,83.76712647901324,5.64220338812172,75,4.330733340286331
2020-09-15,0.004010325700073997,0.00015747344485529303,4.010325700073998,0.15747344485529302,19.46006681475197,1.2281423902142536,31.440015763896806,1.5275733874384012,84.40702128933512,5.734483601378807,1,0.6931471805599453
2020-09-16,9.535848642494641e-05,1.546174902904358e-06,0.09535848642494642,0.001546174902904358,4.295220538078132,0.1617037912984475,30.933320887502514,1.5217691612942932,77.35036002356479,5.431672486176146,3,1.3862943611198906
2020-09-17,0.00020657207387793852,2.237672388344618e-06,0.20657207387793852,0.0022376723883446178,4.3122562603768735,0.161257292146542,25.45361022046637,1.3267564368637974,74.67975912866451,5.367669432990242,4,1.6094379124341003
2020-09-18,0.0009004036224226031,1.2036128576812601e-05,0.9004036224226031,0.012036128576812601,1.2023341827254792,0.015819975868061577,23.495423665765063,1.2881002127264092,66.59725526755825,5.208802964343059,3,1.3862943611198906
2020-09-19,0.011790769219049578,0.00042280942609810695,11.790769219049578,0.42280942609810696,12.89774491535011,0.4370832270632642,32.45317021652704,1.6667717921804222,70.82328060085194,5.245155890475258,0,0.0
2020-09-20,0.001648217376460939,5.4043945496184856e-05,1.6482173764609391,0.05404394549618485,14.339390217933111,0.48888950017110444,18.8411828298892,0.6528309638578965,52.054925431897836,2.410067627817007,0,0.0
2020-09-21,0.0027133649728404365,8.346242661444949e-05,2.7133649728404365,0.0834624266144495,16.152351568350944,0.5603157982087413,21.365011451150437,0.7336092189320959,49.559966693163474,2.115467676236454,70,4.2626798770413155
2020-09-22,0.0045806057243009965,7.854040484574456e-05,4.580605724300996,0.07854040484574457,8.942188073602363,0.21604677695637892,21.935291475377436,0.6546761789225475,53.37530723927425,2.1822495663609485,133,4.897839799950911
2020-09-23,0.012105828548009031,0.0009115197362528172,12.10582854800903,0.9115197362528172,19.399799245150454,1.0735225677130114,33.94576153696152,1.5646497402724604,64.87908242446404,3.086418901566754,72,4.290459441148391
2020-09-24,0.005395502554328298,0.00045771772952361877,5.3955025543282975,0.4577177295236188,22.081936826638312,1.4477778706221804,39.13469201741188,2.0201297974077344,64.58830223787825,3.346886234271532,36,3.6109179126442243
2020-09-25,0.00101065384984548,1.3394579971314461e-05,1.01065384984548,0.013394579971314461,18.5119849521828,1.3826320457477506,39.24494224483475,2.0214882488022363,62.74036591059983,3.3095884615286457,0,0.0
2020-09-26,0.0033561622446236037,4.852197242312628e-05,3.356162244623604,0.04852197242312628,9.762318648797372,0.5196342819180594,30.810335270408785,1.6472007951272558,63.26350548693584,3.313972587307678,293,5.683579767338681
2020-09-27,0.005058280249981906,7.159634351202332e-05,5.058280249981906,0.07159634351202332,9.425096344450981,0.13351289590646395,34.22039814392975,1.6647531931430941,53.06158097381896,2.3175841570009905,81,4.406719247264253
2020-09-28,0.0029678187572894465,7.297205121670489e-05,2.9678187572894466,0.07297205121670489,11.382261251894947,0.19309036715185438,34.47485192837876,1.6542628177453496,55.839863379529206,2.3878720366774453,350,5.860786223465865
2020-09-29,0.0066980264110848235,0.00014273571924788592,6.6980264110848236,0.14273571924788592,14.724125418356168,0.28730411397661404,36.592272615162585,1.7184581321474908,58.52756409054003,2.3731343110700385,1,0.6931471805599453
2020-09-30,0.000799307490774021,9.705196424268296e-06,0.799307490774021,0.009705196424268295,10.465152659148282,0.22541296688885898,25.28575155792758,0.8166435923189418,59.23151309488911,2.3812933325914023,0,0.0
2020-10-01,0.009378545624838246,0.0011202720943942182,9.378545624838246,1.1202720943942182,16.875879526697084,1.2727130100663722,29.268794628437526,1.479197957189541,68.40348664584941,3.4993277545972754,0,0.0
2020-10-02,0.0007825132257094319,9.178303702813548e-06,0.7825132257094319,0.009178303702813547,10.96036634132169,1.1391555945212997,29.04065400430148,1.47498168092104,68.28559624913625,3.496469929723277,5,1.791759469228055
2020-10-03,0.018692447466248124,0.0018641593217654843,18.692447466248126,1.8641593217654842,28.853506316795794,2.9936097198625156,44.376939225926,3.290619030263398,75.1872744963348,4.937819825390654,43,3.784189633918261
2020-10-04,0.0011420062678104757,3.908155491225119e-05,1.1420062678104757,0.03908155491225119,20.616966959768025,1.9124191803805486,40.46066524375457,3.258104241663626,74.68106338768433,4.922857434806721,40,3.713572066704308
2020-10-05,0.0002540292113501065,3.4398543427937055e-06,0.2540292113501065,0.0034398543427937053,20.088482945408696,1.906680731020529,37.74687569781523,3.1885720447897143,72.221727626194,4.842834862535065,32,3.4965075614664802
2020-10-06,0.0037800966012130153,8.869581317959444e-05,3.7800966012130153,0.08869581317959443,5.176132080373587,0.13121722243463912,34.82894588794342,3.1345321387214233,71.42121850310602,4.852990270868914,37,3.6375861597263857
2020-10-07,0.0011894482814405931,1.5347702014391453e-05,1.1894482814405931,0.015347702014391453,5.2235740940037045,0.10748336953677938,35.21908667861,3.1401746443115464,60.50483823653758,3.9568182366304887,53,3.9889840465642745
2020-10-08,0.0009646271146803761,1.0931052264697482e-05,0.9646271146803761,0.010931052264697483,5.934171997333975,0.11497456745868315,26.805168168452127,2.0308336021820255,56.07396279688966,3.510031559371567,46,3.8501476017100584
2020-10-09,0.0037847865400161104,4.830036105182648e-05,3.7847865400161105,0.04830036105182648,5.938861936137069,0.07457911533091519,29.807441482758804,2.069955659531039,58.848095487060284,3.5449373404520794,42,3.7612001156935624
2020-10-10,0.0005295443855467435,5.713755159290884e-06,0.5295443855467434,0.0057137551592908835,5.27895804024322,0.06494516847581462,11.644538402057421,0.2115100929248454,56.02147762798342,3.5021291231882437,76,4.343805421853684
2020-10-11,0.0012040595296573427,1.3316312564692266e-05,1.2040595296573426,0.013316312564692265,5.518390455220185,0.06733042877580941,11.706591663904288,0.18574485057728649,52.16725690765886,3.4438490922409124,67,4.219507705176107
2020-10-12,0.0005785656126397504,5.566294975583901e-06,0.5785656126397504,0.005566294975583901,2.312169527843826,0.024596362699566828,12.031128065193931,0.1878712912100767,49.77800376300917,3.3764433359997916,1252,7.133295954896068
2020-10-13,0.003173120553079916,4.0819996097123455e-05,3.173120553079916,0.04081999609712345,4.955745695376999,0.0597026036373994,11.42415201706083,0.1399954741276057,46.25309790500426,3.2745276128490293,52,3.970291913552122
2020-10-14,0.0002527520481659611,2.297702656379594e-06,0.2527520481659611,0.002297702656379594,4.004438213885617,0.04868399372908672,10.4874557837862,0.12694547476959384,45.7065424623962,3.2671201190811403,248,5.517452896464707
2020-10-15,0.0005872805091753641,4.895371937919741e-06,0.5872805091753641,0.004895371937919741,4.01315311042123,0.04801307069142256,10.110109178281188,0.1209097944428161,36.91527734673332,2.151743396624842,101,4.624972813284271
2020-10-16,0.0005551075514790324,4.979651523676686e-06,0.5551075514790323,0.004979651523676686,1.395140108820347,0.012172726117975798,6.880430189744111,0.07758908491466632,36.687871672502915,2.1475447444457054,144,4.976733742420574
2020-10-17,0.005582921804355691,6.306996888932436e-05,5.582921804355691,0.06306996888932437,6.725309865010077,0.07294499235092057,11.933807608553057,0.13494529864469978,23.578346010610485,0.34645539156954563,138,4.9344739331306915
2020-10-18,0.00805059601977269,0.00020178765593536317,8.05059601977269,0.20178765593536316,14.188625375607405,0.26983727634836396,18.780344098668404,0.3234166420153707,30.4869357625727,0.5091614925926576,54,4.007333185232471
2020-10-19,4.5678192629052295e-05,1.4955601867779175e-07,0.045678192629052296,0.00014955601867779175,13.679196016757425,0.2650071808433651,18.247456678657706,0.3179999030584646,30.278584743851646,0.5058711942685418,35,3.58351893845611
2020-10-20,0.0005837026806047284,5.3003553862003655e-06,0.5837026806047284,0.005300355386200366,8.679976893006462,0.2072375673402411,15.658038806182521,0.2824802623475415,27.08219082324336,0.42247573647514763,0,0.0
2020-10-21,0.006217607745130559,7.041493212600119e-05,6.217607745130559,0.0704149321260012,6.846988618364331,0.07586484353087913,21.622894503147116,0.35059749181716315,32.110350286933325,0.4775429665867574,8,2.1972245773362196
2020-10-22,0.003384698728838128,7.95703051356906e-05,3.3846987288381283,0.0795703051356906,10.186009154573407,0.15528559264789193,24.42031272280988,0.42527242501493395,34.530421901091074,0.5461822194577505,0,0.0
2020-10-23,0.0012166751522058024,1.1815387867265088e-05,1.2166751522058024,0.011815387867265088,10.81898162617448,0.16180062512895668,25.08188032353665,0.43210816135852237,31.962310513280766,0.5096972462731891,17,2.8903717578961645
2020-10-24,0.0003592271009428909,2.8175677911591656e-06,0.3592271009428909,0.0028175677911591655,4.960600981986813,0.09420326079411463,19.85818562012385,0.37185576026035716,31.791993228676915,0.5068010589050573,39,3.6888794541139363
2020-10-25,0.007325558181163826,8.650099209689833e-05,7.325558181163826,0.08650099209689832,8.901460434312511,0.10113394775532235,19.133147781514985,0.25656909642189235,37.9134918801834,0.5799857384372634,77,4.356708826689592
2020-10-26,0.004335765832858212,4.796811032156387e-05,4.335765832858212,0.04796811032156387,12.02055111496492,0.13728667020962113,23.42323542174415,0.3043876507247784,41.67069210040186,0.6223875537832434,71,4.276666119016055
2020-10-27,0.0009146697098174594,9.901793648456598e-06,0.9146697098174593,0.009901793648456598,12.575993723839488,0.14437089606691855,23.75420245095688,0.30898908898703464,39.4122412571394,0.5914693513345766,5,1.791759469228055
2020-10-28,0.0013755875397101212,1.4095535444295367e-05,1.3755875397101212,0.014095535444295367,6.626023082385784,0.07196543941431562,18.912182245536442,0.2526696923053288,40.535076748683565,0.6032671841224924,6,1.9459101490553132
2020-10-29,0.0035191185522479873,3.668856394460626e-05,3.519118552247987,0.03668856394460626,5.809375801775559,0.060685893037358,19.0466020689463,0.20978795111424448,43.46691479175619,0.6350603761291788,8,2.1972245773362196
2020-10-30,0.002428818770489646,2.6171219960558984e-05,2.428818770489646,0.026171219960558986,7.323524862447746,0.07695531934946039,20.258745687230142,0.2241437832075384,45.3406260107668,0.6562519445660612,15,2.772588722239781
2020-10-31,0.0004355591082233632,3.389344759394185e-06,0.4355591082233632,0.003389344759394185,6.383496430960989,0.0662491286645592,20.335077694510613,0.22471556017577338,40.19326331463447,0.5965713204361309,22,3.1354942159291497
2020-11-01,0.0030040569117143995,3.3668292064894646e-05,3.0040569117143994,0.03366829206489465,5.868434790427401,0.0632288567848476,16.01357642506119,0.1718828601437697,35.14672420657618,0.42845195656566243,4,1.6094379124341003
2020-11-02,9.44373416718686e-05,5.68977964487865e-07,0.09443734167186861,0.000568977964487865,3.5340533616096232,0.03762661478877647,11.772247933874846,0.12448372778669371,35.195483355619,0.42887137851147256,4,1.6094379124341003
2020-11-03,0.0005844188144254601,5.693993964015524e-06,0.5844188144254601,0.005693993964015524,3.68291306781172,0.03993126399339782,11.441997038482846,0.12027592810225264,35.19619948943973,0.42926501708928766,0,0.0
2020-11-04,0.00012490550688240568,9.461914154488964e-07,0.12490550688240568,0.0009461914154488964,0.8037616629797263,0.007209163343952064,10.19131500565513,0.10712658407340617,29.103497251191577,0.35979627637873535,31,3.4657359027997265
2020-11-05,0.0009171243171161635,8.380109205775886e-06,0.9171243171161635,0.008380109205775886,1.626448638424021,0.015020294585240086,7.589320770523306,0.07881812933457578,26.635922839469615,0.28860608044882063,31,3.4657359027997265
2020-11-06,3.7311949965548057e-06,1.120924941896433e-08,0.003731194996554806,1.1209249418964329e-05,1.0457610189951159,0.009337509870643525,5.1642331950302145,0.05265811862343578,25.422978882260367,0.27680190183097453,30,3.4339872044851463
2020-11-07,3.495589187948606e-06,1.9176782943121348e-08,0.0034955891879486062,1.9176782943121347e-05,0.9243511013006589,0.00841049523813775,4.7321696759948,0.04928795064698471,25.067247370505424,0.2740035108227585,0,0.0
2020-11-08,5.377360772605902e-07,0.0,0.0005377360772605902,0.0,0.007764520261756009,3.0386032361863633e-05,1.7286505003576618,0.015619658582090063,17.74222692541886,0.18750251872586018,28,3.367295829986474
2020-11-09,1.5972850767515433e-05,1.2152977011720706e-07,0.015972850767515433,0.00012152977011720706,0.020006176032716635,0.00014070655306010636,1.6501860094533085,0.015172210387719405,13.42243394332816,0.13965593817441352,124,4.8283137373023015
2020-11-10,0.0,0.0,0.0,0.0,0.01651058684476803,0.00012152977011698502,1.0657671950278487,0.00947821642370388,12.507764233510702,0.1297541445259569,183,5.214935757608986
2020-11-11,0.0,0.0,0.0,0.0,0.01597285076750744,0.00012152977011698502,0.9408616881454429,0.008532025008254984,11.13217669380058,0.11565860908166153,308,5.733341276897746
2020-11-12,0.0,0.0,0.0,0.0,0.0,0.0,0.023737371029279437,0.00015191580247909844,7.613058141552593,0.07897004513705527,164,5.10594547390058
2020-11-13,0.0,0.0,0.0,0.0,0.0,0.0,0.02000617603272463,0.0001407065530601341,5.184239371062947,0.052798825176496304,909,6.813444599510896
2020-11-14,4.000158592810533e-08,0.0,4.000158592810533e-05,0.0,4.0001585920111723e-05,0.0,0.01655058843070413,0.00012152977011701277,4.748720264425511,0.049409480417102115,87,4.477336814478207
2020-11-15,0.0,0.0,0.0,0.0,4.0001585920111723e-05,0.0,0.01601285235344354,0.00012152977011701277,1.7446633527111124,0.015741188352207464,795,6.679599185844383
2020-11-16,0.0,0.0,0.0,0.0,4.0001585920111723e-05,0.0,4.000158592810533e-05,0.0,1.6502260110392437,0.0151722103877196,119,4.787491742782046
2020-11-17,0.0,0.0,0.0,0.0,0.0,0.0,4.000158592810533e-05,0.0,1.0658071966137839,0.009478216423704075,238,5.476463551931511
2020-11-18,0.0,0.0,0.0,0.0,0.0,0.0,4.000158592810533e-05,0.0,0.9409016897313781,0.008532025008255178,150,5.017279836814924
2020-11-19,3.4402950535277585e-08,0.0,3.4402950535277584e-05,0.0,3.440295052728398e-05,0.0,7.440453646338291e-05,0.0,0.023811775565749926,0.00015191580247929273,168,5.1298987149230735
2020-11-20,1.4664985787845634e-05,2.1426935830328673e-08,0.014664985787845634,2.1426935830328674e-05,0.014699388738372919,2.142693583010663e-05,0.014739390324309017,2.1426935830134385e-05,0.03474556635704076,0.00016213348889065708,401,5.996452088619021
2020-11-21,0.0,0.0,0.0,0.0,0.014699388738372919,2.142693583010663e-05,0.014699388738380911,2.1426935830134385e-05,0.031249977169092148,0.00014295670594753574,54,4.007333185232471
2020-11-22,0.0,0.0,0.0,0.0,0.01466498578783764,2.142693583010663e-05,0.014699388738380911,2.1426935830134385e-05,0.030712241091831557,0.00014295670594753574,398,5.988961416889864
2020-11-23,0.0,0.0,0.0,0.0,0.0,0.0,0.014699388738380911,2.1426935830134385e-05,0.014739390324316122,2.1426935830328674e-05,68,4.23410650459726
2020-11-24,0.0,0.0,0.0,0.0,0.0,0.0,0.014699388738380911,2.1426935830134385e-05,0.014739390324316122,2.1426935830328674e-05,336,5.820082930352362
2020-11-25,0.0,0.0,0.0,0.0,0.0,0.0,0.014699388738380911,2.1426935830134385e-05,0.014739390324316122,2.1426935830328674e-05,149,5.0106352940962555
2020-11-26,0.0,0.0,0.0,0.0,0.0,0.0,0.014664985787845634,2.1426935830134385e-05,0.014739390324316122,2.1426935830328674e-05,142,4.962844630259907
2020-11-27,0.0,0.0,0.0,0.0,0.0,0.0,0.0,0.0,0.014739390324316122,2.1426935830328674e-05,165,5.111987788356544
2020-11-28,0.0,0.0,0.0,0.0,0.0,0.0,0.0,0.0,0.014699388738388016,2.1426935830328674e-05,161,5.087596335232384
2020-11-29,0.0,0.0,0.0,0.0,0.0,0.0,0.0,0.0,0.014699388738388016,2.1426935830328674e-05,445,6.100318952020064
2020-11-30,0.0,0.0,0.0,0.0,0.0,0.0,0.0,0.0,0.014699388738388016,2.1426935830328674e-05,81,4.406719247264253
2020-12-01,0.0,0.0,0.0,0.0,0.0,0.0,0.0,0.0,0.014699388738388016,2.1426935830328674e-05,347,5.8522024797744745
2020-12-02,3.7808846005732363e-08,0.0,3.780884600573236e-05,0.0,3.7808845997738756e-05,0.0,3.780884600573236e-05,0.0,0.01473719758439375,2.1426935830328674e-05,115,4.7535901911063645
2020-12-03,0.0,0.0,0.0,0.0,3.7808845997738756e-05,0.0,3.780884600573236e-05,0.0,0.014702794633858473,2.1426935830328674e-05,333,5.811140992976701
2020-12-04,0.0,0.0,0.0,0.0,3.7808845997738756e-05,0.0,3.780884600573236e-05,0.0,3.780884601283779e-05,0.0,160,5.081404364984463
2020-12-05,0.0,0.0,0.0,0.0,0.0,0.0,3.780884600573236e-05,0.0,3.780884601283779e-05,0.0,189,5.247024072160486
2020-12-06,0.0,0.0,0.0,0.0,0.0,0.0,3.780884600573236e-05,0.0,3.780884601283779e-05,0.0,436,6.07993319509559
2020-12-07,0.0,0.0,0.0,0.0,0.0,0.0,3.780884600573236e-05,0.0,3.780884601283779e-05,0.0,176,5.176149732573829
2020-12-08,0.0,0.0,0.0,0.0,0.0,0.0,3.780884600573236e-05,0.0,3.780884601283779e-05,0.0,678,6.520621127558696
2020-12-09,5.845563863720058e-05,1.0793707790514111e-07,0.05845563863720058,0.00010793707790514111,0.05845563863719259,0.00010793707790491907,0.05845563863720058,0.00010793707790494682,0.05849344748321342,0.00010793707790514111,110,4.709530201312334
2020-12-10,1.1683243348765188e-07,0.0,0.00011683243348765188,0.0,0.05857247107068024,0.00010793707790491907,0.058572471070688234,0.00010793707790494682,0.05861027991670107,0.00010793707790514111,295,5.69035945432406
2020-12-11,0.0,0.0,0.0,0.0,0.05857247107068024,0.00010793707790491907,0.058572471070688234,0.00010793707790494682,0.05861027991670107,0.00010793707790514111,205,5.327876168789581
2020-12-12,0.0,0.0,0.0,0.0,0.00011683243347965828,0.0,0.058572471070688234,0.00010793707790494682,0.05861027991670107,0.00010793707790514111,525,6.26530121273771
2020-12-13,0.0,0.0,0.0,0.0,0.0,0.0,0.058572471070688234,0.00010793707790494682,0.05861027991670107,0.00010793707790514111,862,6.760414691083428
2020-12-14,0.0,0.0,0.0,0.0,0.0,0.0,0.058572471070688234,0.00010793707790494682,0.05861027991670107,0.00010793707790514111,348,5.855071922202427
2020-12-15,0.0,0.0,0.0,0.0,0.0,0.0,0.058572471070688234,0.00010793707790494682,0.05861027991670107,0.00010793707790514111,1359,7.215239978730097
2020-12-16,0.0,0.0,0.0,0.0,0.0,0.0,0.00011683243348765188,0.0,0.05857247107069534,0.00010793707790514111,202,5.313205979041787
2020-12-17,0.0,0.0,0.0,0.0,0.0,0.0,0.0,0.0,0.05857247107069534,0.00010793707790514111,1303,7.1731917424865985
2020-12-18,0.0,0.0,0.0,0.0,0.0,0.0,0.0,0.0,0.05857247107069534,0.00010793707790514111,334,5.814130531825066
2020-12-19,0.0,0.0,0.0,0.0,0.0,0.0,0.0,0.0,0.05857247107069534,0.00010793707790514111,654,6.484635235635252
2020-12-20,0.0,0.0,0.0,0.0,0.0,0.0,0.0,0.0,0.05857247107069534,0.00010793707790514111,541,6.295266001439646
2020-12-21,0.0,0.0,0.0,0.0,0.0,0.0,0.0,0.0,0.05857247107069534,0.00010793707790514111,715,6.573680166960646
2020-12-22,2.028407219305367e-06,0.0,0.002028407219305367,0.0,0.0020284072192973735,0.0,0.002028407219305367,0.0,0.06060087829000071,0.00010793707790514111,334,5.814130531825066
2020-12-23,0.0,0.0,0.0,0.0,0.0020284072192973735,0.0,0.002028407219305367,0.0,0.0021452396528001245,0.0,24,3.2188758248682006
2020-12-24,0.0,0.0,0.0,0.0,0.0020284072192973735,0.0,0.002028407219305367,0.0,0.0020284072193124726,0.0,376,5.932245187448011
2020-12-25,0.0,0.0,0.0,0.0,0.0,0.0,0.002028407219305367,0.0,0.0020284072193124726,0.0,174,5.1647859739235145
2020-12-26,0.0,0.0,0.0,0.0,0.0,0.0,0.002028407219305367,0.0,0.0020284072193124726,0.0,1396,7.242082359256962
2020-12-27,0.0,0.0,0.0,0.0,0.0,0.0,0.002028407219305367,0.0,0.0020284072193124726,0.0,388,5.963579343618446
2020-12-28,0.0,0.0,0.0,0.0,0.0,0.0,0.002028407219305367,0.0,0.0020284072193124726,0.0,1275,7.151485463904735
2020-12-29,0.0,0.0,0.0,0.0,0.0,0.0,0.0,0.0,0.0020284072193124726,0.0,1369,7.222566018822171
2020-12-30,0.0,0.0,0.0,0.0,0.0,0.0,0.0,0.0,0.0020284072193124726,0.0,564,6.336825731146441
2020-12-31,0.0,0.0,0.0,0.0,0.0,0.0,0.0,0.0,0.0020284072193124726,0.0,2080,7.640603826393634
