weather_variable,accumulation_days,lag_days,correlation,n_days
precipitation,3,0,-0.4784399860588934,364
precipitation,3,1,-0.4862876348318117,363
precipitation,3,2,-0.46249127141885715,362
precipitation,3,3,-0.4312141881179931,361
precipitation,3,4,-0.4243745063631588,360
precipitation,3,5,-0.41979078629859273,359
precipitation,3,6,-0.39937343164814176,358
precipitation,3,7,-0.3906544439997743,357
precipitation,3,8,-0.407762587525957,356
precipitation,3,9,-0.4249454709668181,355
precipitation,3,10,-0.4161184732408037,354
precipitation,3,11,-0.35513683529381285,353
precipitation,3,12,-0.3240170772036797,352
precipitation,3,13,-0.2982831564520828,351
precipitation,3,14,-0.31395996555741595,350
precipitation,7,0,-0.5377060662487665,360
precipitation,7,1,-0.5306089038198747,359
precipitation,7,2,-0.5166059154553546,358
precipitation,7,3,-0.49313740615732216,357
precipitation,7,4,-0.4908880158841076,356
precipitation,7,5,-0.4931951298768274,355
precipitation,7,6,-0.48144489679030356,354
precipitation,7,7,-0.4536071799949672,353
precipitation,7,8,-0.442222561451629,352
precipitation,7,9,-0.4301595824094972,351
precipitation,7,10,-0.4144266534552149,350
precipitation,7,11,-0.39112645162944765,349
precipitation,7,12,-0.3633830345048704,348
precipitation,7,13,-0.3454159945368802,347
precipitation,7,14,-0.3402252134668032,346
precipitation,14,0,-0.5282551395697648,353
precipitation,14,1,-0.5182558401354991,352
precipitation,14,2,-0.5016875245229997,351
precipitation,14,3,-0.4803920614307259,350
precipitation,14,4,-0.4666639396127181,349
precipitation,14,5,-0.45311612916709054,348
precipitation,14,6,-0.43726917161109213,347
precipitation,14,7,-0.4194798979765674,346
precipitation,14,8,-0.41138414512240995,345
precipitation,14,9,-0.4018888126574944,344
precipitation,14,10,-0.3939462419272705,343
precipitation,14,11,-0.38556559265084367,342
precipitation,14,12,-0.3741139478660866,341
precipitation,14,13,-0.3677091646288495,340
precipitation,14,14,-0.3694823532564442,339
runoff,3,0,-0.3348543718642085,364
runoff,3,1,-0.3469123989611536,363
runoff,3,2,-0.31365717155682765,362
runoff,3,3,-0.26779851538892246,361
runoff,3,4,-0.2350979914093814,360
runoff,3,5,-0.22374205167407765,359
runoff,3,6,-0.21140940433108735,358
runoff,3,7,-0.24402071598840044,357
runoff,3,8,-0.28527207125645765,356
runoff,3,9,-0.3146010712683746,355
runoff,3,10,-0.2846486468165468,354
runoff,3,11,-0.2217632628795379,353
runoff,3,12,-0.1858634943874287,352
runoff,3,13,-0.17733489541911499,351
runoff,3,14,-0.19546888335321236,350
runoff,7,0,-0.3837333247798831,360
runoff,7,1,-0.3728949808814159,359
runoff,7,2,-0.34818234796545766,358
runoff,7,3,-0.3319248348308352,357
runoff,7,4,-0.33774928124925985,356
runoff,7,5,-0.3454610064016558,355
runoff,7,6,-0.338585094115562,354
runoff,7,7,-0.32877191700761066,353
runoff,7,8,-0.32245927884512665,352
runoff,7,9,-0.3194096661945426,351
runoff,7,10,-0.3010300570631827,350
runoff,7,11,-0.2819561286662429,349
runoff,7,12,-0.2659334765855739,348
runoff,7,13,-0.2675046615629408,347
runoff,7,14,-0.25704130015650606,346
runoff,14,0,-0.3826216758361122,353
runoff,14,1,-0.37324053578487715,352
runoff,14,2,-0.35631907910769095,351
runoff,14,3,-0.3373953692334722,350
runoff,14,4,-0.3302109560804107,349
runoff,14,5,-0.32576116093104956,348
runoff,14,6,-0.32291181355261495,347
runoff,14,7,-0.3119505614025894,346
runoff,14,8,-0.30682978633503094,345
runoff,14,9,-0.3017684997019414,344
runoff,14,10,-0.2968436481687478,343
runoff,14,11,-0.28937437597057514,342
runoff,14,12,-0.27788983308629206,341
runoff,14,13,-0.27496508806497194,340
runoff,14,14,-0.2737652976124845,339
