lon,lat,exposed_dates,mean_population,cumulative_person_date_exposure,index_right,adm1_name,adm1_name1,adm1_name2,adm1_name3,adm1_pcode,adm0_name,adm0_name1,adm0_name2,adm0_name3,adm0_pcode,valid_on,valid_to,area_sqkm,version,lang,lang1,lang2,lang3,adm1_ref_name,center_lat,center_lon
29.65104103088379,9.144791603088379,862,2.8307818309890145,2440.1339383125305,5.0,Unity,,,,SS06,South Sudan,,,,SS,2022-12-19,,37058.93489438,v03,en,,,,Unity,8.67657042,29.78380318
29.65104103088379,9.140625,859,14.24324777156843,12234.949835777283,5.0,Unity,,,,SS06,South Sudan,,,,SS,2022-12-19,,37058.93489438,v03,en,,,,Unity,8.67657042,29.78380318
29.65104103088379,9.146875381469727,856,15.28877743939373,13087.193488121033,5.0,Unity,,,,SS06,South Sudan,,,,SS,2022-12-19,,37058.93489438,v03,en,,,,Unity,8.67657042,29.78380318
29.655208587646484,9.138541221618652,854,16.579311394300618,14158.731930732727,5.0,Unity,,,,SS06,South Sudan,,,,SS,2022-12-19,,37058.93489438,v03,en,,,,Unity,8.67657042,29.78380318
29.653125762939453,9.138541221618652,854,0.16031084094519357,136.90545816719532,5.0,Unity,,,,SS06,South Sudan,,,,SS,2022-12-19,,37058.93489438,v03,en,,,,Unity,8.67657042,29.78380318
29.655208587646484,9.140625,853,4.111165373154849,3506.8240633010864,5.0,Unity,,,,SS06,South Sudan,,,,SS,2022-12-19,,37058.93489438,v03,en,,,,Unity,8.67657042,29.78380318
29.653125762939453,9.144791603088379,853,2.583182296607587,2203.4544990062714,5.0,Unity,,,,SS06,South Sudan,,,,SS,2022-12-19,,37058.93489438,v03,en,,,,Unity,8.67657042,29.78380318
29.657291412353516,9.138541221618652,853,1.741710355944259,1485.6789336204529,5.0,Unity,,,,SS06,South Sudan,,,,SS,2022-12-19,,37058.93489438,v03,en,,,,Unity,8.67657042,29.78380318
29.657291412353516,9.148958206176758,853,0.3692664036228117,314.9842422902584,5.0,Unity,,,,SS06,South Sudan,,,,SS,2022-12-19,,37058.93489438,v03,en,,,,Unity,8.67657042,29.78380318
29.653125762939453,9.146875381469727,852,0.3084479963905375,262.79769292473793,5.0,Unity,,,,SS06,South Sudan,,,,SS,2022-12-19,,37058.93489438,v03,en,,,,Unity,8.67657042,29.78380318
29.644792556762695,9.134374618530273,851,1.373334662614502,1168.707797884941,5.0,Unity,,,,SS06,South Sudan,,,,SS,2022-12-19,,37058.93489438,v03,en,,,,Unity,8.67657042,29.78380318
29.653125762939453,9.140625,850,7.021607310351204,5968.366213798523,5.0,Unity,,,,SS06,South Sudan,,,,SS,2022-12-19,,37058.93489438,v03,en,,,,Unity,8.67657042,29.78380318
29.64270782470703,9.134374618530273,850,3.964746026431813,3370.034122467041,5.0,Unity,,,,SS06,South Sudan,,,,SS,2022-12-19,,37058.93489438,v03,en,,,,Unity,8.67657042,29.78380318
29.648958206176758,9.138541221618652,849,4.09673812392182,3478.1306672096252,5.0,Unity,,,,SS06,South Sudan,,,,SS,2022-12-19,,37058.93489438,v03,en,,,,Unity,8.67657042,29.78380318
29.653125762939453,9.142708778381348,849,0.9424305249299543,800.1235156655312,5.0,Unity,,,,SS06,South Sudan,,,,SS,2022-12-19,,37058.93489438,v03,en,,,,Unity,8.67657042,29.78380318
29.644792556762695,9.132291793823242,848,11.762646176905003,9974.723958015442,5.0,Unity,,,,SS06,South Sudan,,,,SS,2022-12-19,,37058.93489438,v03,en,,,,Unity,8.67657042,29.78380318
29.688541412353516,9.007291793823242,848,1.9256777120929844,1632.9746998548508,5.0,Unity,,,,SS06,South Sudan,,,,SS,2022-12-19,,37058.93489438,v03,en,,,,Unity,8.67657042,29.78380318
29.644792556762695,9.138541221618652,847,5.628524039402481,4767.359861373901,5.0,Unity,,,,SS06,South Sudan,,,,SS,2022-12-19,,37058.93489438,v03,en,,,,Unity,8.67657042,29.78380318
29.646875381469727,9.144791603088379,847,2.5781186223733803,2183.6664731502533,5.0,Unity,,,,SS06,South Sudan,,,,SS,2022-12-19,,37058.93489438,v03,en,,,,Unity,8.67657042,29.78380318
29.644792556762695,9.136458396911621,846,0.5578428451896559,471.9350470304489,5.0,Unity,,,,SS06,South Sudan,,,,SS,2022-12-19,,37058.93489438,v03,en,,,,Unity,8.67657042,29.78380318
29.646875381469727,9.146875381469727,844,0.16625679549165245,140.32073539495468,5.0,Unity,,,,SS06,South Sudan,,,,SS,2022-12-19,,37058.93489438,v03,en,,,,Unity,8.67657042,29.78380318
29.655208587646484,9.151041984558105,843,12.682024467033848,10690.946625709534,5.0,Unity,,,,SS06,South Sudan,,,,SS,2022-12-19,,37058.93489438,v03,en,,,,Unity,8.67657042,29.78380318
29.64270782470703,9.132291793823242,842,1.644612763953039,1384.7639472484589,5.0,Unity,,,,SS06,South Sudan,,,,SS,2022-12-19,,37058.93489438,v03,en,,,,Unity,8.67657042,29.78380318
29.68229103088379,9.119791984558105,841,14.140625759764319,11892.266263961792,5.0,Unity,,,,SS06,South Sudan,,,,SS,2022-12-19,,37058.93489438,v03,en,,,,Unity,8.67657042,29.78380318
29.65104103088379,9.148958206176758,841,8.522320539857771,7167.271574020386,5.0,Unity,,,,SS06,South Sudan,,,,SS,2022-12-19,,37058.93489438,v03,en,,,,Unity,8.67657042,29.78380318
29.646875381469727,9.115625381469727,841,2.5091182788685584,2110.1684725284576,5.0,Unity,,,,SS06,South Sudan,,,,SS,2022-12-19,,37058.93489438,v03,en,,,,Unity,8.67657042,29.78380318
29.657291412353516,9.151041984558105,839,7.412661622903344,6219.223101615906,5.0,Unity,,,,SS06,South Sudan,,,,SS,2022-12-19,,37058.93489438,v03,en,,,,Unity,8.67657042,29.78380318
29.68229103088379,9.117708206176758,839,1.1598577183961016,973.1206257343292,5.0,Unity,,,,SS06,South Sudan,,,,SS,2022-12-19,,37058.93489438,v03,en,,,,Unity,8.67657042,29.78380318
29.76770782470703,9.396875381469727,838,1.1345035823546616,950.7140020132065,5.0,Unity,,,,SS06,South Sudan,,,,SS,2022-12-19,,37058.93489438,v03,en,,,,Unity,8.67657042,29.78380318
29.688541412353516,9.003125190734863,837,15.9409179960955,13342.548362731934,5.0,Unity,,,,SS06,South Sudan,,,,SS,2022-12-19,,37058.93489438,v03,en,,,,Unity,8.67657042,29.78380318
29.648958206176758,9.140625,837,11.029634332144132,9231.803936004639,5.0,Unity,,,,SS06,South Sudan,,,,SS,2022-12-19,,37058.93489438,v03,en,,,,Unity,8.67657042,29.78380318
29.64270782470703,9.136458396911621,837,1.4682755994397965,1228.9466767311096,5.0,Unity,,,,SS06,South Sudan,,,,SS,2022-12-19,,37058.93489438,v03,en,,,,Unity,8.67657042,29.78380318
29.644792556762695,9.144791603088379,836,3.1628699599270615,2644.1592864990234,5.0,Unity,,,,SS06,South Sudan,,,,SS,2022-12-19,,37058.93489438,v03,en,,,,Unity,8.67657042,29.78380318
29.65104103088379,9.151041984558105,836,0.7132489736142912,596.2761419415474,5.0,Unity,,,,SS06,South Sudan,,,,SS,2022-12-19,,37058.93489438,v03,en,,,,Unity,8.67657042,29.78380318
29.684375762939453,9.121874809265137,835,16.53984734084078,13810.77252960205,5.0,Unity,,,,SS06,South Sudan,,,,SS,2022-12-19,,37058.93489438,v03,en,,,,Unity,8.67657042,29.78380318
29.659374237060547,9.148958206176758,835,0.6317500128717479,527.5112607479095,5.0,Unity,,,,SS06,South Sudan,,,,SS,2022-12-19,,37058.93489438,v03,en,,,,Unity,8.67657042,29.78380318
29.717708587646484,9.017708778381348,834,10.129162381307113,8447.721426010132,5.0,Unity,,,,SS06,South Sudan,,,,SS,2022-12-19,,37058.93489438,v03,en,,,,Unity,8.67657042,29.78380318
29.690624237060547,9.005208015441895,834,6.78875458955193,5661.82132768631,5.0,Unity,,,,SS06,South Sudan,,,,SS,2022-12-19,,37058.93489438,v03,en,,,,Unity,8.67657042,29.78380318
29.646875381469727,9.138541221618652,833,11.584210090133466,9649.647005081177,5.0,Unity,,,,SS06,South Sudan,,,,SS,2022-12-19,,37058.93489438,v03,en,,,,Unity,8.67657042,29.78380318
29.680208206176758,9.119791984558105,833,5.509077684647467,4589.06171131134,5.0,Unity,,,,SS06,South Sudan,,,,SS,2022-12-19,,37058.93489438,v03,en,,,,Unity,8.67657042,29.78380318
29.686458587646484,9.121874809265137,833,1.1003581099435777,916.5983055830002,5.0,Unity,,,,SS06,South Sudan,,,,SS,2022-12-19,,37058.93489438,v03,en,,,,Unity,8.67657042,29.78380318
29.686458587646484,9.003125190734863,832,11.96006496479878,9950.774050712585,5.0,Unity,,,,SS06,South Sudan,,,,SS,2022-12-19,,37058.93489438,v03,en,,,,Unity,8.67657042,29.78380318
29.686458587646484,9.009374618530273,832,4.37738894040768,3641.9875984191895,5.0,Unity,,,,SS06,South Sudan,,,,SS,2022-12-19,,37058.93489438,v03,en,,,,Unity,8.67657042,29.78380318
29.64270782470703,9.138541221618652,831,3.3490430473850954,2783.054772377014,5.0,Unity,,,,SS06,South Sudan,,,,SS,2022-12-19,,37058.93489438,v03,en,,,,Unity,8.67657042,29.78380318
29.655208587646484,9.153124809265137,830,14.177747265689344,11767.530230522156,5.0,Unity,,,,SS06,South Sudan,,,,SS,2022-12-19,,37058.93489438,v03,en,,,,Unity,8.67657042,29.78380318
29.68229103088379,9.121874809265137,829,2.7178004581764323,2253.0565798282623,5.0,Unity,,,,SS06,South Sudan,,,,SS,2022-12-19,,37058.93489438,v03,en,,,,Unity,8.67657042,29.78380318
29.719791412353516,9.017708778381348,828,18.2598401290783,15119.147626876831,5.0,Unity,,,,SS06,South Sudan,,,,SS,2022-12-19,,37058.93489438,v03,en,,,,Unity,8.67657042,29.78380318
29.684375762939453,9.009374618530273,828,2.96926454530246,2458.551043510437,5.0,Unity,,,,SS06,South Sudan,,,,SS,2022-12-19,,37058.93489438,v03,en,,,,Unity,8.67657042,29.78380318
29.640625,9.134374618530273,826,0.507573516511744,419.2557246387005,5.0,Unity,,,,SS06,South Sudan,,,,SS,2022-12-19,,37058.93489438,v03,en,,,,Unity,8.67657042,29.78380318
29.690624237060547,9.003125190734863,824,3.285649143955083,2707.374894618988,5.0,Unity,,,,SS06,South Sudan,,,,SS,2022-12-19,,37058.93489438,v03,en,,,,Unity,8.67657042,29.78380318
29.657291412353516,9.153124809265137,823,15.18771537627803,12499.489754676819,5.0,Unity,,,,SS06,South Sudan,,,,SS,2022-12-19,,37058.93489438,v03,en,,,,Unity,8.67657042,29.78380318
29.684375762939453,9.011458396911621,822,6.817650608192685,5604.108799934387,5.0,Unity,,,,SS06,South Sudan,,,,SS,2022-12-19,,37058.93489438,v03,en,,,,Unity,8.67657042,29.78380318
29.640625,9.136458396911621,822,4.907628842513927,4034.0709085464478,5.0,Unity,,,,SS06,South Sudan,,,,SS,2022-12-19,,37058.93489438,v03,en,,,,Unity,8.67657042,29.78380318
29.717708587646484,9.015625,820,12.554783862974585,10294.92276763916,5.0,Unity,,,,SS06,South Sudan,,,,SS,2022-12-19,,37058.93489438,v03,en,,,,Unity,8.67657042,29.78380318
29.646875381469727,9.140625,820,11.079621287090022,9085.289455413818,5.0,Unity,,,,SS06,South Sudan,,,,SS,2022-12-19,,37058.93489438,v03,en,,,,Unity,8.67657042,29.78380318
29.68229103088379,9.011458396911621,820,9.856203866586453,8082.087170600891,5.0,Unity,,,,SS06,South Sudan,,,,SS,2022-12-19,,37058.93489438,v03,en,,,,Unity,8.67657042,29.78380318
29.644792556762695,9.146875381469727,820,1.9984988087561073,1638.769023180008,5.0,Unity,,,,SS06,South Sudan,,,,SS,2022-12-19,,37058.93489438,v03,en,,,,Unity,8.67657042,29.78380318
29.765625,9.396875381469727,818,1.7226387584413467,1409.1185044050217,5.0,Unity,,,,SS06,South Sudan,,,,SS,2022-12-19,,37058.93489438,v03,en,,,,Unity,8.67657042,29.78380318
29.680208206176758,9.117708206176758,817,4.574912301183768,3737.7033500671387,5.0,Unity,,,,SS06,South Sudan,,,,SS,2022-12-19,,37058.93489438,v03,en,,,,Unity,8.67657042,29.78380318
29.688541412353516,9.009374618530273,817,3.17431219088112,2593.413059949875,5.0,Unity,,,,SS06,South Sudan,,,,SS,2022-12-19,,37058.93489438,v03,en,,,,Unity,8.67657042,29.78380318
29.71354103088379,9.288541793823242,817,0.6124583796450966,500.37849617004395,5.0,Unity,,,,SS06,South Sudan,,,,SS,2022-12-19,,37058.93489438,v03,en,,,,Unity,8.67657042,29.78380318
29.765625,9.398958206176758,816,2.3247969036593155,1897.0342733860016,5.0,Unity,,,,SS06,South Sudan,,,,SS,2022-12-19,,37058.93489438,v03,en,,,,Unity,8.67657042,29.78380318
29.721874237060547,9.017708778381348,815,9.48434133237125,7729.738185882568,5.0,Unity,,,,SS06,South Sudan,,,,SS,2022-12-19,,37058.93489438,v03,en,,,,Unity,8.67657042,29.78380318
29.659374237060547,9.132291793823242,814,10.028339329750004,8163.068214416504,5.0,Unity,,,,SS06,South Sudan,,,,SS,2022-12-19,,37058.93489438,v03,en,,,,Unity,8.67657042,29.78380318
29.644792556762695,9.140625,814,1.0382094247774645,845.102471768856,5.0,Unity,,,,SS06,South Sudan,,,,SS,2022-12-19,,37058.93489438,v03,en,,,,Unity,8.67657042,29.78380318
29.82604217529297,9.380208015441895,814,0.7622138013564398,620.442034304142,5.0,Unity,,,,SS06,South Sudan,,,,SS,2022-12-19,,37058.93489438,v03,en,,,,Unity,8.67657042,29.78380318
29.715625762939453,9.013541221618652,812,2.9075738605607317,2360.9499747753143,5.0,Unity,,,,SS06,South Sudan,,,,SS,2022-12-19,,37058.93489438,v03,en,,,,Unity,8.67657042,29.78380318
29.711458206176758,9.288541793823242,812,0.39676215382191937,322.1708689033985,5.0,Unity,,,,SS06,South Sudan,,,,SS,2022-12-19,,37058.93489438,v03,en,,,,Unity,8.67657042,29.78380318
29.709375381469727,9.044791221618652,811,2.45213258281148,1988.6795246601105,5.0,Unity,,,,SS06,South Sudan,,,,SS,2022-12-19,,37058.93489438,v03,en,,,,Unity,8.67657042,29.78380318
29.71354103088379,9.290624618530273,811,0.16031214458874798,130.0131492614746,5.0,Unity,,,,SS06,South Sudan,,,,SS,2022-12-19,,37058.93489438,v03,en,,,,Unity,8.67657042,29.78380318
29.690624237060547,9.007291793823242,810,18.405072544239186,14908.10876083374,5.0,Unity,,,,SS06,South Sudan,,,,SS,2022-12-19,,37058.93489438,v03,en,,,,Unity,8.67657042,29.78380318
29.721874237060547,9.015625,808,13.00010092187636,10504.081544876099,5.0,Unity,,,,SS06,South Sudan,,,,SS,2022-12-19,,37058.93489438,v03,en,,,,Unity,8.67657042,29.78380318
29.684375762939453,9.003125190734863,808,10.312570188305166,8332.556712150574,5.0,Unity,,,,SS06,South Sudan,,,,SS,2022-12-19,,37058.93489438,v03,en,,,,Unity,8.67657042,29.78380318
29.64270782470703,9.144791603088379,807,3.074440117662281,2481.0731749534607,5.0,Unity,,,,SS06,South Sudan,,,,SS,2022-12-19,,37058.93489438,v03,en,,,,Unity,8.67657042,29.78380318
29.680208206176758,9.121874809265137,807,2.1903321063503753,1767.5980098247528,5.0,Unity,,,,SS06,South Sudan,,,,SS,2022-12-19,,37058.93489438,v03,en,,,,Unity,8.67657042,29.78380318
29.657291412353516,9.155208587646484,806,11.317458184717902,9121.87129688263,5.0,Unity,,,,SS06,South Sudan,,,,SS,2022-12-19,,37058.93489438,v03,en,,,,Unity,8.67657042,29.78380318
29.653125762939453,9.155208587646484,806,7.972599504011736,6425.9152002334595,5.0,Unity,,,,SS06,South Sudan,,,,SS,2022-12-19,,37058.93489438,v03,en,,,,Unity,8.67657042,29.78380318
29.738542556762695,9.384374618530273,805,0.9483113724252452,763.3906548023224,5.0,Unity,,,,SS06,South Sudan,,,,SS,2022-12-19,,37058.93489438,v03,en,,,,Unity,8.67657042,29.78380318
29.68229103088379,9.123958587646484,804,9.025445418571358,7256.458116531372,5.0,Unity,,,,SS06,South Sudan,,,,SS,2022-12-19,,37058.93489438,v03,en,,,,Unity,8.67657042,29.78380318
29.83854103088379,9.369791984558105,804,3.200493751473688,2573.196976184845,5.0,Unity,,,,SS06,South Sudan,,,,SS,2022-12-19,,37058.93489438,v03,en,,,,Unity,8.67657042,29.78380318
29.836458206176758,9.365625381469727,804,3.0713912141856863,2469.3985362052917,5.0,Unity,,,,SS06,South Sudan,,,,SS,2022-12-19,,37058.93489438,v03,en,,,,Unity,8.67657042,29.78380318
29.717708587646484,9.013541221618652,804,2.730152934048306,2195.0429589748383,5.0,Unity,,,,SS06,South Sudan,,,,SS,2022-12-19,,37058.93489438,v03,en,,,,Unity,8.67657042,29.78380318
29.686458587646484,9.011458396911621,804,1.1568418511407292,930.1008483171463,5.0,Unity,,,,SS06,South Sudan,,,,SS,2022-12-19,,37058.93489438,v03,en,,,,Unity,8.67657042,29.78380318
29.507291793823242,8.978124618530273,803,8.512496020695934,6835.534304618835,5.0,Unity,,,,SS06,South Sudan,,,,SS,2022-12-19,,37058.93489438,v03,en,,,,Unity,8.67657042,29.78380318
29.719791412353516,9.011458396911621,803,4.6228768822561905,3712.170136451721,5.0,Unity,,,,SS06,South Sudan,,,,SS,2022-12-19,,37058.93489438,v03,en,,,,Unity,8.67657042,29.78380318
29.646875381469727,9.067708015441895,803,3.46763077975804,2784.507516145706,5.0,Unity,,,,SS06,South Sudan,,,,SS,2022-12-19,,37058.93489438,v03,en,,,,Unity,8.67657042,29.78380318
29.83854103088379,9.367708206176758,803,0.5685362979899605,456.53464728593826,5.0,Unity,,,,SS06,South Sudan,,,,SS,2022-12-19,,37058.93489438,v03,en,,,,Unity,8.67657042,29.78380318
29.73645782470703,9.384374618530273,802,2.194976442472596,1760.3711068630219,5.0,Unity,,,,SS06,South Sudan,,,,SS,2022-12-19,,37058.93489438,v03,en,,,,Unity,8.67657042,29.78380318
29.671875,9.259374618530273,802,0.5444440311029962,436.64411294460297,5.0,Unity,,,,SS06,South Sudan,,,,SS,2022-12-19,,37058.93489438,v03,en,,,,Unity,8.67657042,29.78380318
29.655208587646484,9.155208587646484,801,18.03160940782259,14443.319135665894,5.0,Unity,,,,SS06,South Sudan,,,,SS,2022-12-19,,37058.93489438,v03,en,,,,Unity,8.67657042,29.78380318
29.707292556762695,8.990625381469727,801,0.862714533130179,691.0343410372734,5.0,Unity,,,,SS06,South Sudan,,,,SS,2022-12-19,,37058.93489438,v03,en,,,,Unity,8.67657042,29.78380318
29.82604217529297,9.357291221618652,801,0.7575415984521644,606.7908203601837,5.0,Unity,,,,SS06,South Sudan,,,,SS,2022-12-19,,37058.93489438,v03,en,,,,Unity,8.67657042,29.78380318
29.711458206176758,9.040624618530273,800,20.915124650001527,16732.09972000122,5.0,Unity,,,,SS06,South Sudan,,,,SS,2022-12-19,,37058.93489438,v03,en,,,,Unity,8.67657042,29.78380318
29.72395896911621,9.015625,800,19.713154850006102,15770.523880004883,5.0,Unity,,,,SS06,South Sudan,,,,SS,2022-12-19,,37058.93489438,v03,en,,,,Unity,8.67657042,29.78380318
29.863542556762695,9.119791984558105,800,8.792931265830994,7034.345012664795,5.0,Unity,,,,SS06,South Sudan,,,,SS,2022-12-19,,37058.93489438,v03,en,,,,Unity,8.67657042,29.78380318
29.730207443237305,9.390625,800,2.0642222657799723,1651.3778126239777,5.0,Unity,,,,SS06,South Sudan,,,,SS,2022-12-19,,37058.93489438,v03,en,,,,Unity,8.67657042,29.78380318
29.88020896911621,9.430208206176758,800,1.03532614544034,828.260916352272,5.0,Unity,,,,SS06,South Sudan,,,,SS,2022-12-19,,37058.93489438,v03,en,,,,Unity,8.67657042,29.78380318
29.88020896911621,9.434374809265137,799,0.9335129323680051,745.8768329620361,5.0,Unity,,,,SS06,South Sudan,,,,SS,2022-12-19,,37058.93489438,v03,en,,,,Unity,8.67657042,29.78380318
29.67395782470703,9.261458396911621,799,0.35965120658110616,287.36131405830383,5.0,Unity,,,,SS06,South Sudan,,,,SS,2022-12-19,,37058.93489438,v03,en,,,,Unity,8.67657042,29.78380318
29.711458206176758,9.286458015441895,799,0.20198698427635378,161.38760043680668,5.0,Unity,,,,SS06,South Sudan,,,,SS,2022-12-19,,37058.93489438,v03,en,,,,Unity,8.67657042,29.78380318
