FID,Country,Admin1,Facility_n,Facility_t,Ownership,Lat,Long,LL_source,facility_id,facility_name,exposed_dates,first_exposure,last_exposure,index_admin1,adm1_name,adm1_name1,adm1_name2,adm1_name3,adm1_pcode,adm0_name,adm0_name1,adm0_name2,adm0_name3,adm0_pcode,valid_on,valid_to,area_sqkm,version,lang,lang1,lang2,lang3,adm1_ref_name,center_lat,center_lon
55813,South Sudan,Unity,Biel Bar Primary Health Care Unit,Primary Health Care Unit,MoH,8.979,29.7174,GPS,1025,Biel Bar Primary Health Care Unit,736,2021-09-29,2025-03-31,5,Unity,,,,SS06,South Sudan,,,,SS,2022-12-19,,37058.93489438,v03,en,,,,Unity,8.67657042,29.78380318
55814,South Sudan,Unity,Biel Chir Primary Health Care Unit,Primary Health Care Unit,MoH,9.0476,29.6894,GPS,1026,Biel Chir Primary Health Care Unit,703,2021-10-06,2025-12-21,5,Unity,,,,SS06,South Sudan,,,,SS,2022-12-19,,37058.93489438,v03,en,,,,Unity,8.67657042,29.78380318
55922,South Sudan,Unity,Wathnyotni Primary Health Care Unit,Primary Health Care Unit,MoH,9.4928,29.8938,GPS,1134,Wathnyotni Primary Health Care Unit,695,2021-09-20,2025-02-10,5,Unity,,,,SS06,South Sudan,,,,SS,2022-12-19,,37058.93489438,v03,en,,,,Unity,8.67657042,29.78380318
55873,South Sudan,Unity,Nhial Diu Primary Health Care Centre,Primary Health Care Centre,MoH,9.0262,29.6833,Geonames,1085,Nhial Diu Primary Health Care Centre,578,2021-09-29,2025-03-20,5,Unity,,,,SS06,South Sudan,,,,SS,2022-12-19,,37058.93489438,v03,en,,,,Unity,8.67657042,29.78380318
55847,South Sudan,Unity,Kuer Guini Primary Health Care Unit,Primary Health Care Unit,MoH,9.2607,29.891,GPS,1059,Kuer Guini Primary Health Care Unit,466,2021-10-08,2025-06-11,5,Unity,,,,SS06,South Sudan,,,,SS,2022-12-19,,37058.93489438,v03,en,,,,Unity,8.67657042,29.78380318
55874,South Sudan,Unity,Niemni Primary Health Care Unit,Primary Health Care Unit,MoH,9.3065,30.0263,GPS,1086,Niemni Primary Health Care Unit,378,2021-09-29,2025-02-17,5,Unity,,,,SS06,South Sudan,,,,SS,2022-12-19,,37058.93489438,v03,en,,,,Unity,8.67657042,29.78380318
55918,South Sudan,Unity,UNMISS PoC Sector 4 Primary Health Care Unit,Primary Health Care Unit,MoH,9.2569,29.7772,Geonames,1130,UNMISS PoC Sector 4 Primary Health Care Unit,324,2021-10-17,2025-03-14,5,Unity,,,,SS06,South Sudan,,,,SS,2022-12-19,,37058.93489438,v03,en,,,,Unity,8.67657042,29.78380318
55463,South Sudan,Jonglei,Kongor Primary Health Care Unit,Primary Health Care Unit,MoH,7.1562,31.3553,GPS,676,Kongor Primary Health Care Unit,314,2020-10-12,2023-03-04,2,Jonglei,,,,SS03,South Sudan,,,,SS,2022-12-19,,121917.69877381,v03,en,,,,Jonglei,7.62046957,32.14872958
55553,South Sudan,Jonglei,Wangulei Primary Health Care Unit,Primary Health Care Unit,MoH,7.0848,31.3775,GPS,766,Wangulei Primary Health Care Unit,306,2020-09-03,2024-01-25,2,Jonglei,,,,SS03,South Sudan,,,,SS,2022-12-19,,121917.69877381,v03,en,,,,Jonglei,7.62046957,32.14872958
55823,South Sudan,Unity,Chol Yiel Primary Health Care Unit,Primary Health Care Unit,MoH,9.0706,29.9256,GPS,1035,Chol Yiel Primary Health Care Unit,275,2021-12-02,2024-03-03,5,Unity,,,,SS06,South Sudan,,,,SS,2022-12-19,,37058.93489438,v03,en,,,,Unity,8.67657042,29.78380318
55879,South Sudan,Unity,Nyathar Primary Health Care Unit,Primary Health Care Unit,MoH,9.3117,29.977,GPS,1091,Nyathar Primary Health Care Unit,272,2021-10-24,2025-02-05,5,Unity,,,,SS06,South Sudan,,,,SS,2022-12-19,,37058.93489438,v03,en,,,,Unity,8.67657042,29.78380318
56004,South Sudan,Upper Nile,Makal Primary Health Care Unit,Primary Health Care Unit,MoH,9.6204,31.6505,GPS,1216,Makal Primary Health Care Unit,254,2021-10-26,2025-12-15,6,Upper Nile,,,,SS07,South Sudan,,,,SS,2022-12-19,,77235.24383485,v03,en,,,,Upper Nile,10.11292257,32.78939091
55913,South Sudan,Unity,Tuet Primary Health Care Unit,Primary Health Care Unit,MoH,8.8436,29.7542,GPS,1125,Tuet Primary Health Care Unit,251,2015-12-09,2025-12-31,5,Unity,,,,SS06,South Sudan,,,,SS,2022-12-19,,37058.93489438,v03,en,,,,Unity,8.67657042,29.78380318
55844,South Sudan,Unity,Khal Jaak Primary Health Care Centre,Primary Health Care Centre,MoH,9.2761,29.5365,GPS,1056,Khal Jaak Primary Health Care Centre,250,2021-11-25,2024-01-12,5,Unity,,,,SS06,South Sudan,,,,SS,2022-12-19,,37058.93489438,v03,en,,,,Unity,8.67657042,29.78380318
55555,South Sudan,Jonglei,Wernyol Primary Health Care Centre,Primary Health Care Centre,MoH,7.3285,31.4149,GPS,768,Wernyol Primary Health Care Centre,240,2020-09-22,2023-03-05,2,Jonglei,,,,SS03,South Sudan,,,,SS,2022-12-19,,121917.69877381,v03,en,,,,Jonglei,7.62046957,32.14872958
55919,South Sudan,Unity,Waak Primary Health Care Centre,Primary Health Care Centre,MoH,8.9297,29.6162,GPS,1131,Waak Primary Health Care Centre,225,2015-02-03,2025-01-26,5,Unity,,,,SS06,South Sudan,,,,SS,2022-12-19,,37058.93489438,v03,en,,,,Unity,8.67657042,29.78380318
55474,South Sudan,Jonglei,Maar Pifca Primary Health Care Unit,Primary Health Care Unit,MoH,6.9022,31.3715,GPS,687,Maar Pifca Primary Health Care Unit,224,2020-09-16,2022-12-17,2,Jonglei,,,,SS03,South Sudan,,,,SS,2022-12-19,,121917.69877381,v03,en,,,,Jonglei,7.62046957,32.14872958
55933,South Sudan,Upper Nile,Alel Primary Health Care Unit,Primary Health Care Unit,MoH,9.4577,31.6083,GPS,1145,Alel Primary Health Care Unit,173,2021-10-24,2025-12-17,6,Upper Nile,,,,SS07,South Sudan,,,,SS,2022-12-19,,77235.24383485,v03,en,,,,Upper Nile,10.11292257,32.78939091
55828,South Sudan,Unity,Dhor Thier Primary Health Care Unit,Primary Health Care Unit,MoH,8.126,29.983,GPS,1040,Dhor Thier Primary Health Care Unit,160,2020-10-05,2022-03-01,5,Unity,,,,SS06,South Sudan,,,,SS,2022-12-19,,37058.93489438,v03,en,,,,Unity,8.67657042,29.78380318
54837,South Sudan,Central Equatoria,Gondokoro Primary Health Care Unit,Primary Health Care Unit,MoH,4.9128,31.6534,GPS,58,Gondokoro Primary Health Care Unit,153,2015-01-23,2025-11-08,0,Central Equatoria,,,,SS01,South Sudan,,,,SS,2022-12-19,,43083.15547127,v03,en,,,,Central Equatoria,4.8792884,31.45163965
55836,South Sudan,Unity,Guit Primary Health Care Centre,Primary Health Care Centre,MoH,9.1583,29.9106,Geonames,1048,Guit Primary Health Care Centre,137,2022-10-26,2025-12-21,5,Unity,,,,SS06,South Sudan,,,,SS,2022-12-19,,37058.93489438,v03,en,,,,Unity,8.67657042,29.78380318
55843,South Sudan,Unity,Kedat Primary Health Care Unit,Primary Health Care Unit,MoH,9.131,30.0615,GPS,1055,Kedat Primary Health Care Unit,136,2021-11-23,2024-02-10,5,Unity,,,,SS06,South Sudan,,,,SS,2022-12-19,,37058.93489438,v03,en,,,,Unity,8.67657042,29.78380318
56041,South Sudan,Upper Nile,Papojo Primary Health Care Unit,Primary Health Care Unit,MoH,9.5076,30.9416,GPS,1253,Papojo Primary Health Care Unit,127,2021-10-15,2025-12-23,6,Upper Nile,,,,SS07,South Sudan,,,,SS,2022-12-19,,77235.24383485,v03,en,,,,Upper Nile,10.11292257,32.78939091
55520,South Sudan,Jonglei,Paliau Primary Health Care Centre,Primary Health Care Centre,MoH,6.9601,31.3784,GPS,733,Paliau Primary Health Care Centre,124,2020-09-28,2023-12-31,2,Jonglei,,,,SS03,South Sudan,,,,SS,2022-12-19,,121917.69877381,v03,en,,,,Jonglei,7.62046957,32.14872958
56025,South Sudan,Upper Nile,Nyibod Primary Health Care Unit,Primary Health Care Unit,MoH,9.4873,31.0093,GPS,1237,Nyibod Primary Health Care Unit,115,2021-10-31,2025-12-28,6,Upper Nile,,,,SS07,South Sudan,,,,SS,2022-12-19,,77235.24383485,v03,en,,,,Upper Nile,10.11292257,32.78939091
55484,South Sudan,Jonglei,Mandeng _Fangak Primary Health Care Unit,Primary Health Care Unit,MoH,9.389,30.8344,GPS,697,Mandeng _Fangak Primary Health Care Unit,112,2021-09-22,2022-11-18,2,Jonglei,,,,SS03,South Sudan,,,,SS,2022-12-19,,121917.69877381,v03,en,,,,Jonglei,7.62046957,32.14872958
56182,South Sudan,Warrap,Titcok Primary Health Care Unit,Primary Health Care Unit,MoH,8.9446,28.2869,GPS,1391,Titcok Primary Health Care Unit,103,2021-09-29,2024-11-30,7,Warrap,,,,SS08,South Sudan,,,,SS,2022-12-19,,35855.47592998,v03,en,,,,Warrap,7.88537403,28.96914084
55875,South Sudan,Unity,Nile Gangah B-V Primary Health Care Centre,Primary Health Care Centre,MoH,9.2919,29.7952,GPS,1087,Nile Gangah B-V Primary Health Care Centre,100,2021-11-09,2025-01-09,5,Unity,,,,SS06,South Sudan,,,,SS,2022-12-19,,37058.93489438,v03,en,,,,Unity,8.67657042,29.78380318
55417,South Sudan,Jonglei,Atar Primary Health Care Unit,Primary Health Care Unit,MoH,9.3385,31.4078,GPS,630,Atar Primary Health Care Unit,93,2021-10-17,2025-02-05,2,Jonglei,,,,SS03,South Sudan,,,,SS,2022-12-19,,121917.69877381,v03,en,,,,Jonglei,7.62046957,32.14872958
55954,South Sudan,Upper Nile,Dome Primary Health Care Unit,Primary Health Care Unit,MoH,8.8801,32.5723,GPS,1166,Dome Primary Health Care Unit,92,2015-01-02,2023-01-07,6,Upper Nile,,,,SS07,South Sudan,,,,SS,2022-12-19,,77235.24383485,v03,en,,,,Upper Nile,10.11292257,32.78939091
55818,South Sudan,Unity,Boaw Primary Health Care Centre,Primary Health Care Centre,MoH,8.8438,29.7296,GPS,1030,Boaw Primary Health Care Centre,88,2021-09-22,2025-02-10,5,Unity,,,,SS06,South Sudan,,,,SS,2022-12-19,,37058.93489438,v03,en,,,,Unity,8.67657042,29.78380318
55667,South Sudan,Lakes,Shambe Primary Health Care Centre,Primary Health Care Centre,MoH,7.1057,30.7738,GPS,880,Shambe Primary Health Care Centre,77,2015-01-07,2025-12-04,3,Lakes,,,,SS04,South Sudan,,,,SS,2022-12-19,,43185.80680932,v03,en,,,,Lakes,6.75395894,30.0952285
55852,South Sudan,Unity,Lae Diit Primary Health Care Unit,Primary Health Care Unit,MoH,7.4577,30.4011,GPS,1064,Lae Diit Primary Health Care Unit,76,2020-09-27,2021-03-12,5,Unity,,,,SS06,South Sudan,,,,SS,2022-12-19,,37058.93489438,v03,en,,,,Unity,8.67657042,29.78380318
55560,South Sudan,Jonglei,Yomcllr Primary Health Care Unit,Primary Health Care Unit,MoH,6.5405,31.5326,GPS,773,Yomcllr Primary Health Care Unit,68,2020-08-14,2021-02-16,2,Jonglei,,,,SS03,South Sudan,,,,SS,2022-12-19,,121917.69877381,v03,en,,,,Jonglei,7.62046957,32.14872958
55411,South Sudan,Jonglei,Alela Primary Health Care Unit,Primary Health Care Unit,MoH,9.3783,31.3078,GPS,624,Alela Primary Health Care Unit,66,2021-11-23,2025-12-14,2,Jonglei,,,,SS03,South Sudan,,,,SS,2022-12-19,,121917.69877381,v03,en,,,,Jonglei,7.62046957,32.14872958
55530,South Sudan,Jonglei,Patiou Primary Health Care Unit,Primary Health Care Unit,MoH,6.7758,31.4085,GPS,743,Patiou Primary Health Care Unit,63,2020-08-15,2023-02-23,2,Jonglei,,,,SS03,South Sudan,,,,SS,2022-12-19,,121917.69877381,v03,en,,,,Jonglei,7.62046957,32.14872958
55526,South Sudan,Jonglei,Panyagor Primary Health Care Centre,Primary Health Care Centre,MoH,7.2058,31.3988,Geonames,739,Panyagor Primary Health Care Centre,59,2021-11-09,2023-02-14,2,Jonglei,,,,SS03,South Sudan,,,,SS,2022-12-19,,121917.69877381,v03,en,,,,Jonglei,7.62046957,32.14872958
56027,South Sudan,Upper Nile,Obei Primary Health Care Centre,Primary Health Care Centre,MoH,9.3761,31.5726,GPS,1239,Obei Primary Health Care Centre,58,2021-01-16,2022-02-13,6,Upper Nile,,,,SS07,South Sudan,,,,SS,2022-12-19,,77235.24383485,v03,en,,,,Upper Nile,10.11292257,32.78939091
55816,South Sudan,Unity,Bil Primary Health Care Unit,Primary Health Care Unit,MoH,9.3273,30.0425,GPS,1028,Bil Primary Health Care Unit,56,2021-10-24,2023-05-06,5,Unity,,,,SS06,South Sudan,,,,SS,2022-12-19,,37058.93489438,v03,en,,,,Unity,8.67657042,29.78380318
55887,South Sudan,Unity,Padieng Primary Health Care Unit,Primary Health Care Unit,MoH,7.4387,30.4177,GPS,1099,Padieng Primary Health Care Unit,55,2020-09-28,2021-12-25,5,Unity,,,,SS06,South Sudan,,,,SS,2022-12-19,,37058.93489438,v03,en,,,,Unity,8.67657042,29.78380318
55556,South Sudan,Jonglei,Wunangui Primary Health Care Unit,Primary Health Care Unit,MoH,9.2919,31.3695,GPS,769,Wunangui Primary Health Care Unit,55,2020-11-29,2025-12-28,2,Jonglei,,,,SS03,South Sudan,,,,SS,2022-12-19,,121917.69877381,v03,en,,,,Jonglei,7.62046957,32.14872958
56000,South Sudan,Upper Nile,Lul West Primary Health Care Centre,Primary Health Care Centre,MoH,9.7475,31.9219,Geonames,1212,Lul West Primary Health Care Centre,54,2021-10-17,2022-01-12,6,Upper Nile,,,,SS07,South Sudan,,,,SS,2022-12-19,,77235.24383485,v03,en,,,,Upper Nile,10.11292257,32.78939091
55536,South Sudan,Jonglei,Poktap Primary Health Care Centre,Primary Health Care Centre,MoH,7.4546,31.4091,GPS,749,Poktap Primary Health Care Centre,54,2020-10-21,2023-01-19,2,Jonglei,,,,SS03,South Sudan,,,,SS,2022-12-19,,121917.69877381,v03,en,,,,Jonglei,7.62046957,32.14872958
56069,South Sudan,Warrap,Agaigai Primary Health Care Unit,Primary Health Care Unit,MoH,8.5254,28.5432,GPS,1281,Agaigai Primary Health Care Unit,49,2020-11-18,2024-12-15,7,Warrap,,,,SS08,South Sudan,,,,SS,2022-12-19,,35855.47592998,v03,en,,,,Warrap,7.88537403,28.96914084
55862,South Sudan,Unity,Malkuer Primary Health Care Unit,Primary Health Care Unit,MoH,8.1632,29.943,GPS,1074,Malkuer Primary Health Care Unit,49,2016-08-14,2023-03-03,5,Unity,,,,SS06,South Sudan,,,,SS,2022-12-19,,37058.93489438,v03,en,,,,Unity,8.67657042,29.78380318
55441,South Sudan,Jonglei,Dorok Primary Health Care Unit,Primary Health Care Unit,MoH,7.7841,31.3016,GPS,654,Dorok Primary Health Care Unit,48,2021-11-23,2022-03-08,2,Jonglei,,,,SS03,South Sudan,,,,SS,2022-12-19,,121917.69877381,v03,en,,,,Jonglei,7.62046957,32.14872958
55865,South Sudan,Unity,Mayendit Primary Health Care Unit,Primary Health Care Unit,MoH,7.8939,29.9608,Geonames,1077,Mayendit Primary Health Care Unit,47,2020-12-06,2022-01-26,5,Unity,,,,SS06,South Sudan,,,,SS,2022-12-19,,37058.93489438,v03,en,,,,Unity,8.67657042,29.78380318
56037,South Sudan,Upper Nile,Pakwar Primary Health Care Unit,Primary Health Care Unit,MoH,9.3761,31.3974,GPS,1249,Pakwar Primary Health Care Unit,46,2021-02-08,2022-02-04,6,Upper Nile,,,,SS07,South Sudan,,,,SS,2022-12-19,,77235.24383485,v03,en,,,,Upper Nile,10.11292257,32.78939091
55558,South Sudan,Jonglei,Yian Primary Health Care Unit,Primary Health Care Unit,MoH,8.1018,31.1989,GPS,771,Yian Primary Health Care Unit,42,2020-12-26,2022-02-20,2,Jonglei,,,,SS03,South Sudan,,,,SS,2022-12-19,,121917.69877381,v03,en,,,,Jonglei,7.62046957,32.14872958
55703,South Sudan,Northern Bahr el Ghazal,Atuct Primary Health Care Unit,Primary Health Care Unit,MoH,8.9939,27.7563,GPS,916,Atuct Primary Health Care Unit,41,2024-10-13,2024-12-03,4,Northern Bahr el Ghazal,,,,SS05,South Sudan,,,,SS,2022-12-19,,30851.90680631,v03,en,,,,Northern Bahr el Ghazal,8.8868337,27.06016351
56068,South Sudan,Warrap,Agaat Dit Primary Health Care Unit,Primary Health Care Unit,MoH,8.7841,27.9969,GPS,1280,Agaat Dit Primary Health Care Unit,41,2021-10-29,2024-12-10,7,Warrap,,,,SS08,South Sudan,,,,SS,2022-12-19,,35855.47592998,v03,en,,,,Warrap,7.88537403,28.96914084
55897,South Sudan,Unity,Primary Health Care Primary Health Care Centre,Primary Health Care Centre,MoH,8.1318,30.0166,GPS,1109,Primary Health Care Primary Health Care Centre,37,2020-10-12,2022-02-11,5,Unity,,,,SS06,South Sudan,,,,SS,2022-12-19,,37058.93489438,v03,en,,,,Unity,8.67657042,29.78380318
55882,South Sudan,Unity,Pabuong Primary Health Care Unit,Primary Health Care Unit,MoH,8.1239,30.0058,GPS,1094,Pabuong Primary Health Care Unit,35,2020-10-12,2021-03-12,5,Unity,,,,SS06,South Sudan,,,,SS,2022-12-19,,37058.93489438,v03,en,,,,Unity,8.67657042,29.78380318
55466,South Sudan,Jonglei,Kuei (Bor) Primary Health Care Unit,Primary Health Care Unit,MoH,6.7287,31.4298,GPS,679,Kuei (Bor) Primary Health Care Unit,34,2022-11-02,2024-09-06,2,Jonglei,,,,SS03,South Sudan,,,,SS,2022-12-19,,121917.69877381,v03,en,,,,Jonglei,7.62046957,32.14872958
55468,South Sudan,Jonglei,Kuernyang Primary Health Care Centre,Primary Health Care Centre,MoH,9.3228,30.8869,Geonames,681,Kuernyang Primary Health Care Centre,34,2025-10-01,2025-12-28,2,Jonglei,,,,SS03,South Sudan,,,,SS,2022-12-19,,121917.69877381,v03,en,,,,Jonglei,7.62046957,32.14872958
55419,South Sudan,Jonglei,Ayueldit Primary Health Care Unit,Primary Health Care Unit,MoH,7.7244,31.331,GPS,632,Ayueldit Primary Health Care Unit,31,2022-01-14,2022-03-10,2,Jonglei,,,,SS03,South Sudan,,,,SS,2022-12-19,,121917.69877381,v03,en,,,,Jonglei,7.62046957,32.14872958
55826,South Sudan,Unity,Dekom Primary Health Care Unit,Primary Health Care Unit,MoH,7.359,30.4566,GPS,1038,Dekom Primary Health Care Unit,29,2020-12-04,2022-11-04,5,Unity,,,,SS06,South Sudan,,,,SS,2022-12-19,,37058.93489438,v03,en,,,,Unity,8.67657042,29.78380318
55036,South Sudan,Central Equatoria,Muni Primary Health Care Centre,Primary Health Care Centre,MoH,5.644,31.7202,GPS,255,Muni Primary Health Care Centre,25,2015-12-04,2025-06-11,0,Central Equatoria,,,,SS01,South Sudan,,,,SS,2022-12-19,,43083.15547127,v03,en,,,,Central Equatoria,4.8792884,31.45163965
55416,South Sudan,Jonglei,Atar Chuei Primary Health Care Unit,Primary Health Care Unit,MoH,9.2921,31.4103,GPS,629,Atar Chuei Primary Health Care Unit,24,2015-12-18,2024-12-27,2,Jonglei,,,,SS03,South Sudan,,,,SS,2022-12-19,,121917.69877381,v03,en,,,,Jonglei,7.62046957,32.14872958
55499,South Sudan,Jonglei,Nyadiu Primary Health Care Centre,Primary Health Care Centre,MoH,8.7997,30.6691,Geonames,712,Nyadiu Primary Health Care Centre,23,2015-01-02,2015-02-19,2,Jonglei,,,,SS03,South Sudan,,,,SS,2022-12-19,,121917.69877381,v03,en,,,,Jonglei,7.62046957,32.14872958
56062,South Sudan,Upper Nile,Waraj Wok Primary Health Care Centre,Primary Health Care Centre,MoH,9.4738,31.6339,GPS,1274,Waraj Wok Primary Health Care Centre,23,2021-10-24,2025-01-26,6,Upper Nile,,,,SS07,South Sudan,,,,SS,2022-12-19,,77235.24383485,v03,en,,,,Upper Nile,10.11292257,32.78939091
55911,South Sudan,Unity,Tiap Primary Health Care Centre,Primary Health Care Centre,MoH,7.4148,30.424,Geonames,1123,Tiap Primary Health Care Centre,22,2020-11-13,2021-01-25,5,Unity,,,,SS06,South Sudan,,,,SS,2022-12-19,,37058.93489438,v03,en,,,,Unity,8.67657042,29.78380318
55514,South Sudan,Jonglei,Pager Primary Health Care Unit,Primary Health Care Unit,MoH,7.1954,31.3852,GPS,727,Pager Primary Health Care Unit,22,2023-12-21,2024-01-26,2,Jonglei,,,,SS03,South Sudan,,,,SS,2022-12-19,,121917.69877381,v03,en,,,,Jonglei,7.62046957,32.14872958
55451,South Sudan,Jonglei,Juaibor Primary Health Care Centre,Primary Health Care Centre,MoH,9.4008,30.6698,GPS,664,Juaibor Primary Health Care Centre,21,2021-11-02,2022-02-04,2,Jonglei,,,,SS03,South Sudan,,,,SS,2022-12-19,,121917.69877381,v03,en,,,,Jonglei,7.62046957,32.14872958
55445,South Sudan,Jonglei,Fangak County Hospital,County Hospital,MoH,9.4091,31.1614,GPS,658,Fangak County Hospital,21,2021-10-20,2022-01-05,2,Jonglei,,,,SS03,South Sudan,,,,SS,2022-12-19,,121917.69877381,v03,en,,,,Jonglei,7.62046957,32.14872958
55450,South Sudan,Jonglei,Jiech Primary Health Care Unit,Primary Health Care Unit,MoH,8.3709,31.1367,GPS,663,Jiech Primary Health Care Unit,20,2022-01-29,2022-03-08,2,Jonglei,,,,SS03,South Sudan,,,,SS,2022-12-19,,121917.69877381,v03,en,,,,Jonglei,7.62046957,32.14872958
55928,South Sudan,Upper Nile,Achake Primary Health Care Unit,Primary Health Care Unit,MoH,9.7999,31.9827,GPS,1140,Achake Primary Health Care Unit,19,2021-10-24,2023-01-07,6,Upper Nile,,,,SS07,South Sudan,,,,SS,2022-12-19,,77235.24383485,v03,en,,,,Upper Nile,10.11292257,32.78939091
55457,South Sudan,Jonglei,Kiir Primary Health Care Unit,Primary Health Care Unit,MoH,7.2605,31.3588,GPS,670,Kiir Primary Health Care Unit,19,2015-01-02,2015-02-03,2,Jonglei,,,,SS03,South Sudan,,,,SS,2022-12-19,,121917.69877381,v03,en,,,,Jonglei,7.62046957,32.14872958
55914,South Sudan,Unity,Tuoch Luak Primary Health Care Unit,Primary Health Care Unit,MoH,8.8996,29.6866,GPS,1126,Tuoch Luak Primary Health Care Unit,19,2023-03-04,2025-12-13,5,Unity,,,,SS06,South Sudan,,,,SS,2022-12-19,,37058.93489438,v03,en,,,,Unity,8.67657042,29.78380318
56034,South Sudan,Upper Nile,Oweci Primary Health Care Centre,Primary Health Care Centre,MoH,9.4337,31.5759,GPS,1246,Oweci Primary Health Care Centre,18,2021-11-18,2022-01-27,6,Upper Nile,,,,SS07,South Sudan,,,,SS,2022-12-19,,77235.24383485,v03,en,,,,Upper Nile,10.11292257,32.78939091
56063,South Sudan,Upper Nile,Wau Shilluk Health Primary Health Care Centre,Primary Health Care Centre,MoH,9.6613,31.7459,Geonames,1275,Wau Shilluk Health Primary Health Care Centre,17,2021-11-25,2025-12-13,6,Upper Nile,,,,SS07,South Sudan,,,,SS,2022-12-19,,77235.24383485,v03,en,,,,Upper Nile,10.11292257,32.78939091
55447,South Sudan,Jonglei,Gorwai /Kalel Primary Health Care Unit,Primary Health Care Unit,MoH,8.1328,31.0768,GPS,660,Gorwai /Kalel Primary Health Care Unit,15,2021-01-16,2022-02-20,2,Jonglei,,,,SS03,South Sudan,,,,SS,2022-12-19,,121917.69877381,v03,en,,,,Jonglei,7.62046957,32.14872958
55436,South Sudan,Jonglei,Dhoreak Primary Health Care Unit,Primary Health Care Unit,MoH,9.0346,30.7094,GPS,649,Dhoreak Primary Health Care Unit,14,2021-11-23,2022-02-20,2,Jonglei,,,,SS03,South Sudan,,,,SS,2022-12-19,,121917.69877381,v03,en,,,,Jonglei,7.62046957,32.14872958
55550,South Sudan,Jonglei,Wan Machar Primary Health Care Centre,Primary Health Care Centre,MoH,8.232,30.5943,GPS,763,Wan Machar Primary Health Care Centre,14,2020-10-10,2021-02-12,2,Jonglei,,,,SS03,South Sudan,,,,SS,2022-12-19,,121917.69877381,v03,en,,,,Jonglei,7.62046957,32.14872958
55533,South Sudan,Jonglei,Payom Primary Health Care Unit,Primary Health Care Unit,MoH,6.8532,31.3392,Geonames,746,Payom Primary Health Care Unit,14,2022-10-27,2023-01-24,2,Jonglei,,,,SS03,South Sudan,,,,SS,2022-12-19,,121917.69877381,v03,en,,,,Jonglei,7.62046957,32.14872958
55467,South Sudan,Jonglei,Kuemduok Primary Health Care Unit,Primary Health Care Unit,MoH,9.21,30.9439,GPS,680,Kuemduok Primary Health Care Unit,14,2020-12-17,2021-02-17,2,Jonglei,,,,SS03,South Sudan,,,,SS,2022-12-19,,121917.69877381,v03,en,,,,Jonglei,7.62046957,32.14872958
55421,South Sudan,Jonglei,Baping Primary Health Care Unit,Primary Health Care Unit,MoH,7.076,31.4284,GPS,634,Baping Primary Health Care Unit,11,2023-12-20,2024-01-14,2,Jonglei,,,,SS03,South Sudan,,,,SS,2022-12-19,,121917.69877381,v03,en,,,,Jonglei,7.62046957,32.14872958
56006,South Sudan,Upper Nile,Malakal Teaching Hospital,Teaching Hospital,MoH,9.5283,31.6506,GPS,1218,Malakal Teaching Hospital,11,2021-12-25,2023-01-31,6,Upper Nile,,,,SS07,South Sudan,,,,SS,2022-12-19,,77235.24383485,v03,en,,,,Upper Nile,10.11292257,32.78939091
56017,South Sudan,Upper Nile,N.H.I.F Primary Health Care Centre,Primary Health Care Centre,MoH,9.5273,31.6513,GPS,1229,N.H.I.F Primary Health Care Centre,11,2021-12-25,2023-01-31,6,Upper Nile,,,,SS07,South Sudan,,,,SS,2022-12-19,,77235.24383485,v03,en,,,,Upper Nile,10.11292257,32.78939091
55907,South Sudan,Unity,Thakker Primary Health Care Unit,Primary Health Care Unit,MoH,8.3931,30.0494,GPS,1119,Thakker Primary Health Care Unit,10,2021-11-09,2022-11-25,5,Unity,,,,SS06,South Sudan,,,,SS,2022-12-19,,37058.93489438,v03,en,,,,Unity,8.67657042,29.78380318
55994,South Sudan,Upper Nile,Lelo Primary Health Care Unit,Primary Health Care Unit,MoH,9.5228,31.6301,GPS,1206,Lelo Primary Health Care Unit,10,2021-11-25,2022-01-05,6,Upper Nile,,,,SS07,South Sudan,,,,SS,2022-12-19,,77235.24383485,v03,en,,,,Upper Nile,10.11292257,32.78939091
56075,South Sudan,Warrap,Ajong Primary Health Care Unit,Primary Health Care Unit,MoH,9.0791,28.3433,GPS,1287,Ajong Primary Health Care Unit,8,2021-10-18,2022-10-28,7,Warrap,,,,SS08,South Sudan,,,,SS,2022-12-19,,35855.47592998,v03,en,,,,Warrap,7.88537403,28.96914084
55448,South Sudan,Jonglei,Haat Primary Health Care Unit,Primary Health Care Unit,MoH,8.5166,30.6325,GPS,661,Haat Primary Health Care Unit,8,2020-12-26,2021-02-10,2,Jonglei,,,,SS03,South Sudan,,,,SS,2022-12-19,,121917.69877381,v03,en,,,,Jonglei,7.62046957,32.14872958
55840,South Sudan,Unity,Jany Low Primary Health Care Unit,Primary Health Care Unit,MoH,7.6873,30.2342,GPS,1052,Jany Low Primary Health Care Unit,8,2021-01-05,2021-03-12,5,Unity,,,,SS06,South Sudan,,,,SS,2022-12-19,,37058.93489438,v03,en,,,,Unity,8.67657042,29.78380318
55903,South Sudan,Unity,Ruath Nyibol Primary Health Care Unit,Primary Health Care Unit,MoH,9.037,28.922,GPS,1115,Ruath Nyibol Primary Health Care Unit,8,2015-01-02,2022-11-27,5,Unity,,,,SS06,South Sudan,,,,SS,2022-12-19,,37058.93489438,v03,en,,,,Unity,8.67657042,29.78380318
56054,South Sudan,Upper Nile,Tonga Primary Health Care Centre,Primary Health Care Centre,MoH,9.47,31.0494,GPS,1266,Tonga Primary Health Care Centre,7,2021-10-31,2021-12-13,6,Upper Nile,,,,SS07,South Sudan,,,,SS,2022-12-19,,77235.24383485,v03,en,,,,Upper Nile,10.11292257,32.78939091
55998,South Sudan,Upper Nile,Lual Yak Primary Health Care Unit,Primary Health Care Unit,MoH,8.7702,32.9771,GPS,1210,Lual Yak Primary Health Care Unit,7,2020-11-06,2020-12-10,6,Upper Nile,,,,SS07,South Sudan,,,,SS,2022-12-19,,77235.24383485,v03,en,,,,Upper Nile,10.11292257,32.78939091
55458,South Sudan,Jonglei,Koatnyakoang Primary Health Care Unit,Primary Health Care Unit,MoH,9.4419,31.0565,GPS,671,Koatnyakoang Primary Health Care Unit,6,2021-01-09,2021-02-10,2,Jonglei,,,,SS03,South Sudan,,,,SS,2022-12-19,,121917.69877381,v03,en,,,,Jonglei,7.62046957,32.14872958
55409,South Sudan,Jonglei,Akuai-Deng Primary Health Care Unit,Primary Health Care Unit,MoH,6.5635,31.5291,GPS,622,Akuai-Deng Primary Health Care Unit,6,2020-09-23,2021-02-12,2,Jonglei,,,,SS03,South Sudan,,,,SS,2022-12-19,,121917.69877381,v03,en,,,,Jonglei,7.62046957,32.14872958
55407,South Sudan,Jonglei,Akeer (Ascom) Primary Health Care Unit,Primary Health Care Unit,MoH,7.8321,30.8948,GPS,620,Akeer (Ascom) Primary Health Care Unit,5,2022-12-06,2023-02-05,2,Jonglei,,,,SS03,South Sudan,,,,SS,2022-12-19,,121917.69877381,v03,en,,,,Jonglei,7.62046957,32.14872958
55649,South Sudan,Lakes,Mingkaman Primary Health Care Unit,Primary Health Care Unit,MoH,6.05,31.5152,Geonames,862,Mingkaman Primary Health Care Unit,5,2015-01-16,2025-12-27,3,Lakes,,,,SS04,South Sudan,,,,SS,2022-12-19,,43185.80680932,v03,en,,,,Lakes,6.75395894,30.0952285
55612,South Sudan,Lakes,IMC Site 2 _Awerial Primary Health Care Unit,Primary Health Care Unit,MoH,6.05,31.5152,Geonames,825,IMC Site 2 _Awerial Primary Health Care Unit,5,2015-01-16,2025-12-27,3,Lakes,,,,SS04,South Sudan,,,,SS,2022-12-19,,43185.80680932,v03,en,,,,Lakes,6.75395894,30.0952285
55943,South Sudan,Upper Nile,Bieng Thiang Primary Health Care Unit,Primary Health Care Unit,MoH,9.8335,32.0376,GPS,1155,Bieng Thiang Primary Health Care Unit,4,2018-12-05,2022-02-06,6,Upper Nile,,,,SS07,South Sudan,,,,SS,2022-12-19,,77235.24383485,v03,en,,,,Upper Nile,10.11292257,32.78939091
56047,South Sudan,Upper Nile,Rup Board Primary Health Care Centre,Primary Health Care Centre,MoH,8.6691,32.7915,Geonames,1259,Rup Board Primary Health Care Centre,4,2020-11-15,2021-01-07,6,Upper Nile,,,,SS07,South Sudan,,,,SS,2022-12-19,,77235.24383485,v03,en,,,,Upper Nile,10.11292257,32.78939091
56036,South Sudan,Upper Nile,Pakang Primary Health Care Unit,Primary Health Care Unit,MoH,9.3651,31.4679,GPS,1248,Pakang Primary Health Care Unit,4,2022-01-12,2022-01-28,6,Upper Nile,,,,SS07,South Sudan,,,,SS,2022-12-19,,77235.24383485,v03,en,,,,Upper Nile,10.11292257,32.78939091
55431,South Sudan,Jonglei,Chotbora (Old Fang) Primary Health Care Unit,Primary Health Care Unit,MoH,9.1181,30.9262,GPS,644,Chotbora (Old Fang) Primary Health Care Unit,4,2021-11-25,2022-01-05,2,Jonglei,,,,SS03,South Sudan,,,,SS,2022-12-19,,121917.69877381,v03,en,,,,Jonglei,7.62046957,32.14872958
55915,South Sudan,Unity,Turkey Primary Health Care Unit,Primary Health Care Unit,MoH,8.7971,29.5875,GPS,1127,Turkey Primary Health Care Unit,4,2015-01-25,2021-02-10,5,Unity,,,,SS06,South Sudan,,,,SS,2022-12-19,,37058.93489438,v03,en,,,,Unity,8.67657042,29.78380318
55502,South Sudan,Jonglei,Nyawit Outreach Primary Health Care Unit,Primary Health Care Unit,MoH,7.7151,30.6393,GPS,715,Nyawit Outreach Primary Health Care Unit,3,2024-12-22,2025-02-05,2,Jonglei,,,,SS03,South Sudan,,,,SS,2022-12-19,,121917.69877381,v03,en,,,,Jonglei,7.62046957,32.14872958
56109,South Sudan,Warrap,Keet Primary Health Care Unit,Primary Health Care Unit,MoH,8.8185,28.0709,GPS,1319,Keet Primary Health Care Unit,3,2021-10-29,2021-11-09,7,Warrap,,,,SS08,South Sudan,,,,SS,2022-12-19,,35855.47592998,v03,en,,,,Warrap,7.88537403,28.96914084
55944,South Sudan,Upper Nile,Bimbim Primary Health Care Unit,Primary Health Care Unit,MoH,8.7805,32.8499,GPS,1156,Bimbim Primary Health Care Unit,3,2020-11-22,2020-12-01,6,Upper Nile,,,,SS07,South Sudan,,,,SS,2022-12-19,,77235.24383485,v03,en,,,,Upper Nile,10.11292257,32.78939091
